filename,duration
s4_l_sgar5a,2.64
s49_p_bbwo3n,2.72
s18_l_bwia8p,2.8
s18_l_pbbx6a,2.56
s54_p_brwa5s,1.84
s13_l_srbq4a_WRONG_bgan6s,2.76
s27_l_sgid5p,2.92
s18_l_pgbn2a,2.68
s51_p_pwid7p,2.96
s3_p_swip9a,2.24
s39_l_lbal4p,2.52
s50_p_lwwt4a,2.24
s35_p_srwi6s,2.44
s51_l_pbwf3s,3.0
s10_p_lbbt4a,2.64
s42_p_prip3n,1.84
s37_p_swap1s,2.88
s16_l_swax9s,2.96
s50_p_sgaj5s,2.32
s18_p_sbio5n,2.4
s54_l_lwbb8a,1.68
s18_l_lbae2s,2.44
s14_p_bria3a,1.96
s6_p_pbbx4s,2.72
s11_p_swbj5a,2.76
s28_p_bgio3a,2.6
s39_p_pbbq4a,2.48
s6_l_lrae8p,2.52
s52_p_pwbs5n,2.4
s5_p_pbij7a,2.24
s10_l_bgin7n,2.8
s45_l_pbwx4p,2.64
s44_p_pwwk8n,2.6
s55_l_lwau3s,3.08
s6_p_bran7p,2.0
s17_l_lras8n,2.84
s54_p_pwil4s,1.72
s21_p_pwar6s,2.2
s33_p_sgbc9p,2.56
s25_p_pwwk9a,2.24
s9_l_bgic8a,2.52
s8_l_swic8s,3.2
s23_l_swiq2n,3.12
s38_l_pwwe6s,2.4
s18_l_srbv3n,2.68
s40_l_swaxzp,3.28
s45_l_bwabzs,2.64
s36_p_swbp7n_WRONG_swwp7n,2.56
s11_l_sbbo4s,2.56
s10_l_pwwk7n,3.28
s5_l_pbbf5p,2.84
s14_p_lrbf1n,2.04
s51_l_pbwl6s,3.08
s29_p_pgay9a,2.68
s50_l_brih7a,2.72
s31_p_prax2n,2.28
s37_p_lgwt7a,3.04
s41_p_prib5p,2.4
s50_l_bwwi3n,2.64
s16_l_bbba2p,2.8
s24_l_lrbh3n,2.72
s25_p_pbaj7s,2.8
s32_p_pgag9p,2.48
s47_l_brim4n,1.88
s9_p_bgwr3p,2.44
s37_l_bbag9a,2.92
s9_p_lrbs8s,2.68
s33_l_swbjzn,2.68
s20_p_brwi5n,2.0
s39_l_lwaf9s,2.56
s45_p_lgih7s,3.0
s9_p_lwbo5n,2.36
s44_p_brao6a,2.32
s50_p_lwig2s,2.48
s8_p_lgbn2p,3.24
s27_l_lwbh3n,2.8
s19_p_pbay6p,2.68
s40_p_bgah3n,2.92
s55_p_srbd9p,3.0
s27_l_sbwo9n,2.76
s46_p_srwc4a,2.4
s43_l_bgia5s,2.8
s45_p_lbwt4p,2.56
s21_p_swwk1s,2.4
s29_l_lrwl9n,2.44
s54_p_sbah7s,1.72
s21_p_bwba9p,2.48
s43_p_lrik3n,2.44
s9_p_srijza,2.64
s30_p_brbu8a,2.2
s35_l_swbx6s,2.8
s18_l_pbby4a,2.4
s16_p_lbik5n,2.68
s2_l_lrwh3p,2.92
s37_p_lwih2n,2.96
s47_p_lrie6n,1.84
s15_l_lwwb9a,2.84
s23_l_swap8p,3.0
s9_l_swby2s,2.72
s36_l_swijzn,2.96
s28_p_sgak9a,2.04
s24_l_lwit8s,2.52
s17_p_lwbo1s,2.76
s43_p_lwbt9s,2.8
s35_p_swwzza,2.24
s32_p_swio4s,2.08
s3_p_pbar7p,2.48
s27_p_lbwr9p,2.56
s17_l_bwip1n_WRONG_bwwp1n,3.32
s35_p_lwih1n,2.28
s25_l_srib7n,2.76
s19_p_lgil9n,2.4
s30_p_lwbn5p,2.68
s14_p_lrwi1p,2.04
s54_p_sraq3n,1.68
s3_l_lgia9a_WRONG_pwbk7a,2.32
s53_p_bwwj6s_WRONG_bwwg6s,2.32
s32_p_swik8a,2.12
s6_l_pral3n,2.32
s30_p_pgbt9s,2.12
s31_l_pbbr3s,2.84
s15_l_sgbe4p,2.8
s7_p_sgbj3s,2.16
s50_p_sgir3s,2.16
s13_l_prik2a_WRONG_lgia7s,2.68
s10_p_lgwp6p,2.76
s47_l_lbaszn,1.84
s26_p_sgab6a,2.64
s17_l_prik2s,3.2
s18_l_srad3a,2.48
s16_l_pwax6s,3.12
s11_l_swbc6a,2.44
s15_l_bgwi6p,3.04
s39_p_brwu2s,2.4
s23_p_sgiyza,3.04
s20_p_pbwx7s,2.24
s15_p_brin5a,2.2
s47_p_sgwd9p,2.0
s32_l_pgaz9p,2.84
s36_p_bgib1n,2.4
s8_p_bgbd1n,3.04
s11_l_sgbx7s,2.88
s3_p_brwi7n,2.08
s12_p_swiv6s,3.08
s6_p_bwib4p,2.28
s12_p_sgwd7p,2.16
s2_l_prbf6a,2.96
s51_p_pgwl8a,2.36
s52_l_sbbb7p,2.76
s50_l_lwwg4p,2.8
s21_p_lgat1n,2.52
s26_l_sgiv3n,2.56
s24_l_sgiqzs,2.64
s4_p_lrazzp,2.6
s37_l_bgbo1p,3.12
s34_p_brat2s,2.32
s51_l_srwk5s,2.8
s47_p_bgbd3p,1.92
s47_p_brim4n,1.76
s45_p_brbo3s,2.4
s37_l_lwit8a,3.16
s34_l_swwd8p,2.64
s43_l_lgwh2a,2.84
s25_p_lwih3p,2.56
s10_p_sgbj5p,3.12
s49_p_sric9a,2.72
s50_p_sbai4n,2.72
s49_l_pbixza,2.96
s40_l_sgak1n,2.68
s8_l_lwbo5n,3.56
s6_l_lgim2n,2.16
s53_p_lgau1a,2.28
s55_l_pbwj8a,2.76
s17_p_bwbo6n,2.84
s42_p_pbay1p,2.16
s50_l_pbad9a,2.64
s50_p_brbczp,2.36
s53_l_bwwj6s_WRONG_bwwg6s,2.32
s19_l_lriz4a,2.52
s17_l_bwbu3n,3.36
s34_p_sbwu7p,2.36
s5_l_sbih4p,2.56
s23_p_pgwa7n,2.8
s42_p_lral8p,2.28
s34_l_lwbg1n,2.44
s4_l_bwwc7a,2.72
s27_l_lrag2s,2.48
s52_l_sgid3s,2.92
s43_l_prae8s,2.8
s53_l_bgipza,2.88
s49_l_pgim1a,2.8
s39_l_pgwt5n,2.56
s44_p_sgbz3p,2.52
s54_p_prir7a,1.72
s20_l_pwar2a,2.24
s35_l_lris2a,2.2
s48_p_pbak6s,2.8
s45_l_pbap7n,2.76
s13_p_brav6s,2.76
s16_p_pgwf8a,2.88
s24_l_lbwg8s,2.28
s10_l_prws1p,3.12
s35_l_lbiy4a,2.4
s16_l_pgiq9s,3.04
s24_l_lwih3p,2.6
s9_p_bbbm9n,2.4
s13_l_sbbd5p,2.84
s30_l_pgam3s,2.44
s18_l_lgia4a,2.48
s12_l_sbbc2s,2.12
s38_l_bwap3n,2.48
s45_p_bbwc6s,2.2
s44_p_pwbs7n,2.4
s27_p_lgig3s,2.44
s16_l_pwwy9n,3.08
s30_p_lriy5p,2.24
s14_p_sbis6a,2.0
s54_p_prid5p,1.68
s21_p_pgan3a,2.56
s19_p_swip4a,2.44
s38_p_bgao1a,1.96
s31_l_brbn3n,2.56
s41_p_lwanza,2.92
s13_p_lbbr2n,2.88
s28_p_sgik8a,2.12
s32_l_pgaa3n,2.52
s32_p_bgbd1p,2.12
s40_p_lwaa2p,2.64
s10_p_lwaozp,2.48
s22_p_srwx1n,2.64
s49_l_brbu4s,2.56
s21_l_lbaf8n,2.64
s13_l_lwbb6p,3.2
s12_p_srwk8a,1.8
s20_p_lwif1s,2.12
s41_l_pgba5s,2.76
s49_l_brim1s,2.6
s22_l_sbin8p,3.12
s36_l_lgif7a,2.44
s20_p_lbas7n,2.16
s14_l_lgwoza,2.4
s48_l_bgbj3p,3.0
s8_p_srijza,3.4
s19_l_pgay5n,2.44
s42_p_sgae5n,2.04
s36_p_lwas6p,2.56
s46_l_bbam9s,2.88
s32_p_pbayzs,2.32
s11_l_bgiu3s,2.76
s17_p_bgipzs,2.88
s28_l_sgak9a,2.84
s8_l_pgie1a,2.96
s18_l_pbap7s,2.56
s44_p_sric7s,2.6
s30_p_sgbi2s,2.16
s3_p_lwbe3n,2.16
s29_l_lwwn2p,2.92
s35_l_lgwi9a,2.52
s52_p_lbak1n,2.32
s32_p_sgiv4s,2.28
s28_l_pbbe5p_WRONG_pbwe5p,2.12
s53_p_pgbm7s,2.48
s9_p_lrwizp,2.4
s49_l_pbblzn,3.16
s21_p_prblzp,2.68
s4_l_sgax5p,2.68
s54_l_swbjza,1.84
s30_p_prix6s,2.04
s29_l_lgik5n,2.72
s43_p_lgag9n,2.72
s39_p_bgax7n,2.6
s2_p_brbi2s,2.68
s33_l_bwap2s,2.64
s26_p_pwak6p,2.72
s25_l_sgiqzs,3.2
s36_p_lbwz7p,2.6
s26_l_bgbozn,2.56
s26_p_sbag2a,2.64
s12_l_bbavza,2.2
s23_l_pgae7p,3.16
s5_p_swaj4a,2.24
s29_l_lrwm7n,2.84
s32_p_sgaq1a,2.36
s38_p_lrwh6p,2.16
s21_p_swwyzn,2.56
s38_p_bbal9n,2.2
s18_l_bwau7a,2.4
s21_l_pgan3a,2.88
s36_l_braa9a,2.32
s9_p_prwe1s,2.32
s11_l_lrby1p,2.48
s16_p_sgak4n,2.6
s40_p_bbwn5n,2.96
s55_l_sgak6n,3.12
s23_p_pgigzp,3.24
s39_l_bgax7n,2.68
s12_p_swac6p,2.12
s48_p_srbq2p,2.52
s51_p_lbiz6a,2.72
s26_l_sbwc6p,2.68
s53_p_brib1s,2.24
s16_p_pwae1a,2.64
s2_l_pbwlzs,2.84
s43_p_pgal4n,2.6
s39_p_brwv9p,2.36
s7_p_bwaj4s,1.96
s13_p_sgbz7s,2.72
s11_p_lwwv2n,2.24
s14_l_sgwd6a,2.28
s18_p_prwm1a,2.12
s8_p_lgiu8a,3.04
s3_l_lbws5p,2.4
s17_p_sbbd7s,2.96
s11_l_prae2s,2.68
s52_l_pwbs5n,2.52
s42_l_pwij6s,2.24
s46_l_bbagza,3.28
s51_p_pbid8p,3.04
s49_l_prbf8p,2.68
s46_p_bwah3n,2.44
s31_p_prie9s,2.36
s10_p_pbwq2a,2.36
s55_l_bbbhzn,2.96
s10_p_lral6p,2.48
s23_l_sbwj9n,2.96
s40_l_srai7a,2.8
s17_p_srii2a,2.96
s3_p_bbif8a,2.28
s51_l_pbid8p,2.92
s45_l_pgae2p,3.0
s52_p_bwad1a,2.56
s51_l_bricza,2.88
s38_l_bbif5s,2.28
s40_l_pgws9s,2.84
s4_l_bbai2p,2.08
s5_p_lran3p,2.36
s2_p_sbiu4p,2.6
s34_l_lrif2s,2.68
s8_l_bgwb9a,3.52
s49_p_lrit7a,2.68
s8_l_pbbl4p,3.16
s33_p_bwbp1n,2.28
s25_p_bbwu4a,2.4
s15_l_lrwt3s,2.68
s53_p_lram3s,2.24
s27_p_sric7n,2.56
s21_p_lgwp4s,2.24
s9_l_bwwh5s,2.84
s39_p_srbj3p,2.76
s17_l_pgbz5p,3.0
s35_p_sbbc9n,2.24
s45_l_brao1n,2.52
s27_p_sgip5n,2.6
s19_p_pgba7p,2.6
s39_l_pwae1s,2.6
s5_l_swbv8a,2.6
s34_l_lgba6p,2.92
s52_l_lgbizp_WRONG_#lgb1zp,3.32
s14_l_swaq5n,2.4
s34_l_srbk9a,2.52
s19_p_pwwa2n,2.6
s3_p_lriy4a,2.08
s23_p_lbwf4p,2.72
s48_p_lbbe9p,2.64
s44_p_sway1a,2.56
s51_l_prwf4a,2.68
s51_p_swii2n,3.08
s31_l_sgbk5n,2.84
s9_p_sway9p,2.6
s35_p_bgivzn,2.32
s15_l_sgwf5n,2.76
s28_p_prbl3a,2.08
s39_l_pbby1n,2.68
s46_l_srwc4a,2.64
s3_l_lwwu7p_WRONG_bbif8a,2.12
s32_p_lbae7a,2.24
s36_p_sgwe7n,2.4
s49_l_lrir8s,2.76
s44_l_bbin4p,2.84
s50_p_brau4p,2.0
s35_l_pwwr2p,2.8
s3_l_bbif8a,2.12
s18_p_sgaq2s,2.44
s7_p_lbwu4a,2.04
s21_p_lbwm7a,2.48
s4_l_sbia5s,2.12
s11_l_prae3n,2.64
s33_l_sgbq3p,2.92
s20_l_bgbj9n,2.48
s2_p_pbwl5a,2.36
s44_p_bgbi5s,2.36
s36_l_bgib1n_WRONG_bgab1n,2.32
s37_l_lgwg6p,3.04
s16_p_bwab7p,2.76
s33_p_pbbe8p,2.76
s30_p_prap8n,1.96
s5_p_bgwa8a,2.24
s30_l_pwie2p,2.16
s36_l_bgiv6n,3.0
s54_p_brin7s,1.8
s7_l_bbaf9a,2.16
s8_l_lrwizp,3.72
s25_l_pbbl6p,3.08
s25_p_sgie1n,2.24
s33_p_bram5p,2.48
s40_l_pwae3n,2.84
s25_l_bgwi2p,2.76
s55_p_bwav8n,2.84
s21_l_lgat1n,2.6
s10_p_srai8s,2.52
s18_l_srby1n,2.56
s28_p_swbq6s,2.12
s16_p_pbwd3p,2.68
s51_p_pgbt4p,2.84
s34_l_pbie5s,2.72
s46_p_bgwv8a,2.32
s51_p_bricza,2.84
s39_l_bgip8s,2.52
s52_p_sbio8p,2.56
s40_p_lral4p,2.72
s45_l_bbwc6s,2.52
s8_p_pwix5s,2.96
s14_p_lbirzn,2.08
s46_p_pbiq1p,2.36
s31_p_lrie4a,2.28
s44_p_lbae3a,2.36
s45_p_bwabzs,2.4
s23_p_brwozs,2.6
s19_p_bgbx7n,2.44
s14_p_sbac1n,1.96
s7_l_pgir3s,2.36
s18_l_bwig9p,2.44
s19_l_lgiu5n,2.64
s23_l_lram1p,3.04
s48_l_srwxza,3.2
s46_p_sgaj1s,2.64
s21_p_bbbn9a,2.32
s7_p_bbig3a,1.92
s3_p_swii9a,2.12
s8_p_lwat6s,3.04
s2_p_bgbp3n,2.72
s6_l_sgby9a,2.6
s55_p_lril6p,2.6
s39_p_lgia3s,2.28
s34_l_sgax3a,2.48
s15_p_bgax3n,2.36
s45_l_sriuzn,2.72
s43_p_bwwx9s,2.64
s27_l_srwq8s,2.48
s37_p_bwwd7s,2.96
s9_p_briizs,2.88
s10_l_prbm4p,3.28
s14_p_bbiz6p,2.48
s43_p_bbbvza,2.68
s34_p_pgazza,2.56
s39_p_bgai6a,2.64
s15_l_sbwqzs,2.84
s19_p_bban1p,2.76
s10_p_pbbj5n,2.76
s45_p_lrbn9s,2.76
s15_p_pgir7n,2.28
s13_l_pgak3n_WRONG_bgwezp,2.92
s48_l_sgic8a,3.16
s47_l_sbax4p,2.2
s17_l_pgiyza,3.2
s4_l_lwau8a,2.2
s32_l_lbae7a,2.52
s33_p_brbi6s,2.4
s17_l_sbwq9n,3.0
s8_p_lwbo5n,3.28
s28_p_bwah2p,2.0
s16_l_sgij8n,2.76
s36_l_pgbg9p,2.56
s31_p_swbk4n,2.44
s19_l_pgis5n,2.56
s12_l_srwe4n,2.0
s15_l_lgaa5s,2.68
s35_l_bwih8p,2.44
s29_l_sbbd6a,2.8
s34_l_srab8s,2.48
s51_p_lwbu9a,2.8
s12_l_lgbbzp,2.2
s25_p_lgiu9p,2.36
s15_p_lgaa5s,2.16
s31_p_lrir7n,2.28
s52_l_lgwp8a,2.76
s32_l_lrbs4s,2.44
s10_l_swib5n,3.0
s24_l_pbip5s,2.52
s49_p_lwie7s,2.6
s19_p_sbip6n,2.44
s14_p_prwr3a,2.28
s16_p_brio4s,2.72
s20_l_lwab1n,2.08
s49_p_srac5n,2.68
s36_p_sgwr2p,2.6
s42_p_pwwszs,2.32
s22_p_lrie5p,2.76
s49_p_pgwz6a,3.24
s27_p_pwby8s,2.56
s22_l_lgbv2n,2.76
s26_l_sgwd8n,2.56
s10_p_bbbg8s,2.48
s52_l_pbwz9n,2.16
s9_p_sgip7s,2.72
s51_l_lwwn8s,2.72
s36_l_pwarzp,2.6
s33_p_lwbb1a,2.56
s9_p_lbwg1a,2.44
s38_l_prbs5s,2.48
s18_l_lwbh2p,2.64
s45_l_sbwi6p,2.44
s5_l_praq9s,2.84
s42_l_bgat1p,2.04
s34_l_brat2s,2.48
s51_l_lwbu9a,2.88
s51_p_bgwx9s,2.84
s31_p_sgix8s,2.48
s46_l_bwah9p,2.92
s16_l_sgak4n,2.8
s25_l_bgac3p,2.76
s52_p_lbbf9p,2.56
s7_l_lrbt1a,2.24
s42_l_srwc5p,2.24
s24_p_bgac3p,2.56
s35_l_sbwu7n,2.44
s39_p_bbab8s,2.76
s52_l_bgic8s,2.92
s29_p_pbix6s,2.44
s35_p_bwag7s,2.36
s44_l_sgbp9s,3.0
s45_p_brif8p,2.64
s49_p_brbu4s,2.56
s30_p_prwz3a,2.04
s30_p_srai1a,2.16
s32_l_swai8n,2.56
s18_p_srad3a,2.4
s51_l_swii2n,2.92
s10_l_bbbg8s,2.8
s45_l_swar1n,2.56
s3_p_bwwb8n,2.0
s8_p_pgie1a,2.8
s30_p_swwq7a,2.24
s7_l_sbaq4a,2.4
s28_l_brat2n,1.88
s37_l_lbam3s,3.32
s48_p_bgif9p,2.68
s11_l_bbin9p,2.76
s51_l_brwm4a,2.56
s6_l_brbv7s,2.4
s47_p_sgix4a,1.92
s51_l_lriy7n,2.76
s43_l_bwadza,2.84
s37_p_pgilza,3.68
s9_p_swws4a,2.44
s20_l_brih7p,2.48
s5_p_srwk7a,2.4
s50_p_pwbl1a,2.2
s47_l_lwwo3p,2.24
s36_l_prwm2p,3.12
s21_p_swwe4n,2.44
s7_l_pbby9p,2.48
s14_p_brab4s,1.96
s38_p_pwwe6s,2.36
s47_l_sgwgzs,2.32
s26_l_pbik4n,2.6
s18_p_pgat4n,2.52
s31_l_swbl2a,2.8
s54_p_sgbe4s,1.88
s48_l_pwbz7a,2.96
s16_p_pwax6s,2.88
s53_p_bgipza,2.56
s55_l_pbaj8a,2.8
s46_l_lrif5a,2.64
s21_l_pwbf2s,2.76
s36_l_brwd1s,2.48
s36_l_lrbz3s,2.48
s34_l_prbl7a,2.64
s11_l_prbl5n,2.76
s41_l_lrar3p,2.72
s37_l_bgic1a,2.88
s2_p_pway3a,2.6
s49_p_pbir2n,2.6
s39_p_sgic4p,2.68
s44_l_lrwh1p,2.84
s46_p_lrif5a,2.52
s3_p_lrwl8a,2.04
s11_p_sbbu5a,2.24
s35_p_bwio7a,2.36
s34_p_lrwz8a,2.56
s54_l_bwbn8s,1.68
s27_p_lgaa5p,2.44
s40_p_pwif5s,2.48
s6_p_sgbr8a,2.28
s8_p_prwe1s,2.92
s46_p_prwm8p,2.64
s53_l_bgbv3s,2.4
s4_l_lgbu4p,2.4
s14_l_srwp8s,2.28
s48_l_bgif9p,3.0
s22_p_pbwk1s,2.96
s35_l_pgwnza,2.6
s22_p_lwbcza,3.08
s55_p_lgwb7p,2.84
s29_p_pbak1n,2.16
s36_p_pbai9a,2.56
s28_l_sbwxzs,2.2
s10_l_bbbg9p,2.76
s53_p_prwa2a,2.28
s28_p_bwig9n,2.04
s31_l_lrir7n,2.44
s41_p_sgwl9s,2.64
s12_p_pgir6s,1.92
s28_p_lgbc4a,2.0
s28_p_bwbv7a,2.0
s50_l_lwwt4a,2.6
s44_l_bwihza,2.72
s19_l_bwac4p,2.96
s17_p_brbg8n,2.88
s35_p_sriv4a,2.28
s40_p_swwr6n,2.88
s41_l_sgae7a,2.72
s52_p_sbah9p,2.64
s42_l_bbbt9p,2.24
s17_l_lgat3p,2.84
s18_p_lwbo3p,2.4
s30_p_lbay7s,2.16
s41_l_pwaf9s,2.68
s14_l_lbirzn,2.28
s52_p_pwiq7s,2.44
s35_l_srwi6s,2.52
s53_l_swax4a,2.28
s38_l_pwwm3p,2.64
s9_p_pwix5s,2.4
s29_l_bbwjzs,2.88
s53_l_bwbvzp,2.56
s31_l_lgwh4s,2.84
s48_l_lrbg1s,2.72
s26_p_brbu9a,2.48
s7_p_lgbg3a,2.28
s27_p_sbau7p,2.92
s7_p_pgir3s,2.04
s41_l_bbiy4a,2.44
s38_p_bbif5s,2.12
s51_p_bwab3s,2.76
s54_l_bwwc2s,1.68
s26_p_lrwrzs,2.68
s9_p_lbwf3n,2.32
s34_l_bbwp1p,2.44
s44_p_bbin4p,2.64
s45_l_lgih7s,2.56
s24_l_lbad9n,2.52
s42_p_lgwa4n,2.0
s33_l_pwwl6a,2.68
s3_p_lrbozs,2.24
s26_l_pbwq5n,2.68
s42_l_lrwn3a,1.92
s48_l_lbiy9a,2.76
s4_p_prbd9a,2.12
s11_l_sbwx3p,2.64
s52_l_pgis5s,2.48
s22_l_pwbl9a,2.52
s20_l_lwif1s,2.32
s23_p_bgai5p,2.96
s46_p_bbam9s,2.48
s18_p_bwig9p,2.32
s11_l_sgbo8a,2.8
s4_l_lbbf2n,2.36
s29_p_pwar5n,2.36
s12_p_bgwj3a,1.88
s41_l_bwih1a,2.4
s44_p_pgam6p,2.6
s41_l_bwaa4a,2.56
s24_l_srbdzp,2.88
s39_p_bwan9a,2.04
s3_p_bgwk1a,2.0
s20_l_sbac6s,2.4
s45_p_sbwi6p,2.68
s44_l_swac1n,2.76
s48_p_lbwn6a,2.64
s27_p_pwbz6s,2.56
s6_p_lbbf9s,2.12
s9_l_prwz6a,2.64
s55_p_bwig7p,2.64
s51_p_lrwg5p,2.88
s8_p_bgwr3p,3.0
s35_l_bgbp5a,2.64
s44_l_srwx5a,2.52
s8_p_swic8s,3.24
s20_p_lwab1n,2.4
s43_p_bbif3n,2.6
s26_p_lwbl9n,2.52
s6_p_srwj8n,2.12
s4_l_pwiv4a,2.0
s37_l_lbwm6s,3.08
s14_p_bbau7n,2.0
s32_l_pbwf4a,2.2
s46_l_pwil7a,2.84
s14_l_pgbg7s,2.28
s38_l_bgiv3s,2.64
s16_p_pwbg3p,2.8
s54_p_pbbz2n,1.84
s6_l_bwbp6a,2.28
s39_p_pgwz9s,2.76
s31_l_sgix8s,2.88
s11_l_bgic3n,2.36
s23_p_bgbx8s,3.12
s28_l_bwai5s,2.72
s3_l_pwbk7a,2.44
s22_l_pbwr1p,3.24
s16_p_lras6p,2.6
s35_l_lrws2a,2.2
s20_l_pgil4a,2.28
s50_p_pbbp8p,2.24
s31_l_pwws5s,2.8
s30_l_lgibzp,2.36
s6_l_bran7p,2.52
s13_l_lgwo9a,3.84
s31_l_sbao6a,2.68
s33_l_brbi6s,2.52
s38_p_lwbb9p,2.48
s36_l_brit8p,2.6
s24_p_pgwn7p,2.64
s16_p_swai6n,2.56
s49_p_pgae6s,2.92
s29_p_prwl1n,2.56
s33_p_pbwy9s,2.52
s18_p_pgaz7p,2.6
s55_p_sgwk9a,2.72
s5_l_sbic1n,2.16
s35_p_sgwf3s,2.4
s8_p_brbn1p,3.0
s41_p_bgiqzp,2.52
s3_p_pbbrzs,2.4
s29_p_lrat8a,2.4
s13_l_pbip1p_WRONG_#(mistake),2.72
s6_p_bran5p,2.36
s36_l_bwbj4p,3.0
s34_p_bwap2a,2.16
s55_l_pgam3n,2.96
s29_p_bbaz8n,2.36
s39_l_bwaoza,2.72
s29_l_pbii5p,3.08
s33_l_pgay5s,2.56
s46_p_swic1p,2.44
s45_p_sriuzn,2.72
s35_p_lbbq9n,2.68
s6_p_sbia7n,2.2
s43_p_bwadza,2.64
s12_p_prwrzp,2.12
s32_p_pgaa3n,2.12
s32_p_swai8n,2.28
s24_p_brim6a,2.52
s45_l_lbas9p,2.64
s49_p_sgblzp,2.88
s2_p_swwx9p,2.96
s26_p_srwp5p,2.64
s26_p_lbbt3p,2.6
s30_p_bbbm4a,1.96
s4_p_sgaqzn,2.64
s41_p_brwg7n,2.36
s55_p_lwau3s,2.76
s46_l_lwwb3s,2.64
s2_l_sgaz3n,3.08
s21_p_bgio1s_WRONG_bgao1s,2.36
s53_l_prwa2a,2.56
s4_p_bbai2p,1.96
s26_p_bbanza,2.36
s33_l_pbid7a,2.48
s18_l_srap5a,2.52
s19_p_pgbr6n,2.4
s28_l_sgbr3p,2.36
s12_l_lgbi2n,2.0
s39_l_pbbq4a,2.68
s20_l_lgig4s,2.4
s27_l_sric7n,2.6
s45_l_lraz6a,2.6
s5_p_lgag2a,2.16
s34_l_lgba9p,2.64
s50_p_lgwn9a,2.24
s50_p_sbwv5n,2.52
s18_l_pbblza,2.68
s20_l_brba3p,2.64
s33_p_pbwd9a,2.32
s17_p_bwaa9n,3.12
s48_l_pgwz9a,3.24
s45_p_prws2p,2.4
s41_p_pbbk2a,2.32
s25_p_lwat7p,2.56
s9_l_bgwr3p,2.76
s39_l_sgic4p,2.76
s43_p_lgaz7n,2.68
s33_l_prbm3s,2.64
s23_l_pgwa7n,2.8
s30_l_lwbhza,2.32
s15_p_sbav3a,2.56
s33_p_lwbt4p,2.64
s29_l_lrie2n,2.56
s33_l_srwr4a,2.8
s6_p_swbd1p,2.16
s41_p_bbiy4a,2.28
s19_l_bbbb8p,2.76
s4_l_prijza,2.24
s28_p_prirzn,2.08
s23_p_lrakza,2.8
s15_l_pwwg2p,2.72
s34_l_lwwo2p,2.56
s49_l_srah7s,2.84
s26_l_lwat2p,2.52
s17_l_lgab8p,3.24
s4_p_brbb6p,1.96
s2_p_brat5p,2.72
s13_p_sbbd5p,2.8
s52_l_pralzn,2.6
s33_l_lrin4a,2.36
s42_p_brbh2s,2.08
s27_l_lril6a,2.64
s12_p_sbbc2s,2.08
s31_p_sbao6a,2.32
s45_p_pwiz5a,2.72
s22_l_bgwc7p,2.72
s29_l_pwam6p,3.28
s52_p_sgix2a,2.76
s32_p_lrim7p,2.28
s25_l_brbpzn,2.56
s43_l_bbbvza,3.0
s25_l_pbbl3p,2.96
s3_l_sgbx4p_WRONG_bgad2s,3.04
s3_l_brbh6s,2.2
s6_p_pgbz3p_WRONG_#pgb(zee)3p,2.44
s48_p_brbg5p,2.6
s8_l_lrwz6a,3.2
s23_l_sbwu9n,2.76
s54_p_lwwo5s,1.8
s44_l_srid2s,2.64
s50_p_pbwz1p,2.24
s7_l_pgbl7s,2.4
s10_l_bwiu3s,2.44
s15_l_lgwc7a,3.0
s50_p_srbo5p,2.8
s48_l_lrwm6n,2.84
s10_l_pwws8n,2.96
s48_p_pgwsza,2.88
s37_l_pbaq2p,3.28
s52_l_srwe1n,2.68
s22_l_bgbn2a,2.68
s29_l_prwf8n,2.52
s51_l_prak7p,3.12
s50_p_bwbj2s,2.12
s35_l_pbbe5s,2.36
s27_l_pwbsza,2.88
s43_l_sgajzp,3.08
s37_p_pwik3p,3.0
s29_l_pbbj3n,2.88
s52_p_pgis5s,2.68
s38_p_sbic1s,2.2
s49_p_lrir8s,2.4
s31_p_pgwa5p,2.68
s10_p_lwix7n,2.44
s37_l_lwia9p,2.92
s47_p_lwwo3p,1.96
s41_l_bgiqzp,2.84
s19_l_lbwb1p,2.92
s15_l_srwjzs,2.72
s30_l_prwz3a,3.16
s18_p_sgwl2n,2.32
s9_l_srbjza,2.68
s35_l_srwe7s,2.4
s32_p_pwwn1n,2.32
s46_l_sgaj1s,3.0
s46_l_sgax5n,2.8
s22_p_sbwj8s,2.8
s32_p_lrahzp,2.48
s34_l_prwk3p,2.64
s30_l_pgwt4s,2.4
s20_l_bbwh7n,2.4
s18_l_bgwx8a,2.24
s55_p_srwp2s,2.8
s41_l_sbwo5a,2.72
s7_l_sgar6p,2.28
s52_p_swwr3s,2.32
s6_l_srwj8n,2.2
s15_l_priz2n,2.48
s54_p_swbjza,2.32
s30_l_bgbc2s,2.2
s40_l_bbiozs,2.8
s20_p_bwiv3a,2.16
s27_l_bwbn5n,2.72
s19_l_pwwa2n,2.68
s12_p_srby5p,2.24
s49_l_lraa5a,2.76
s29_l_bgah4a,2.96
s33_l_sgbfzs,2.84
s55_l_lril6p,2.72
s8_p_srid6s,3.0
s9_l_swwr4s,2.84
s8_l_pgwg8s,3.52
s48_p_bwwu5s,2.6
s51_p_bbbtzn,3.4
s23_l_pgwn4n,3.0
s9_p_bwwh5s,2.44
s9_p_pbiu9n,2.44
s33_p_sgbq3p,2.56
s46_p_pgbz9n,2.56
s50_l_sgbq5s,2.76
s23_l_pwbe9n,3.0
s49_l_bban7a,2.88
s48_l_lwimzn,2.84
s3_p_sbbx6s,2.4
s47_l_lwbt5s,2.0
s40_l_lgwu1p,2.72
s18_l_bric1a,2.2
s15_p_pbwz2a,2.4
s51_p_pbbq2p,3.04
s18_l_bbatzp,2.6
s22_l_lwwa1p,2.84
s7_p_pganzs,2.24
s2_p_bgbv2n,2.92
s54_l_lwis4s,1.76
s30_p_lbwr7n,2.12
s52_l_lbwl4n,2.28
s36_l_bbat1p,2.76
s18_p_pbbx6a,2.32
s43_p_pgit2s,2.64
s21_l_pbii7a,2.76
s22_p_prbf4p,2.8
s7_l_pwwk5n,2.28
s16_l_srwp5n,2.56
s26_p_brav5s,2.56
s51_p_lbaz1n,2.84
s14_p_lwwn9a,2.08
s39_l_lwimzp,2.64
s45_l_bgaj9a,2.68
s52_p_sgak2a,2.32
s48_p_lgih3n,3.0
s31_l_sbbv6s,2.64
s49_p_prwf9s,2.8
s53_p_brbn6s,2.36
s48_l_pbak6s,3.0
s49_p_lraa5a,2.96
s45_l_sbav4p,2.88
s43_l_lwbt9s,2.88
s30_l_pgis8p,2.32
s19_l_pgbr6n,2.76
s26_l_lrig5s,2.32
s12_p_pbbq7n,2.0
s15_p_pbac8p,2.36
s37_p_srwc8p,2.92
s19_l_swak9n,2.76
s20_p_swijzp,2.48
s53_p_swid4s,2.48
s45_p_lgit9p,2.52
s23_l_sgac3n,3.16
s49_l_sgah9p,3.04
s45_l_bgbv2p,2.68
s32_p_bwau3a,1.96
s23_p_pwaf1p,2.76
s27_l_pwby8s,2.6
s35_p_lrba2s,2.24
s38_l_bwwd2s,2.2
s4_l_srin8s,2.24
s52_p_lbif2n,2.36
s8_l_lbwg1a,3.28
s19_p_pwae9s,2.72
s14_p_sway9a,2.36
s35_l_srwx4a,2.48
s27_l_sbau7p,2.6
s41_l_sgwy9p,2.6
s23_l_swwd1a,3.0
s22_p_pwbl9a,2.4
s41_p_srbi7n,2.44
s42_p_lgia9n,2.28
s6_p_bwbp6a,2.16
s9_p_sbah7a,2.56
s4_l_sgiy7a,2.04
s4_p_swbxza,2.28
s53_l_lwis5p,2.6
s43_l_lril9n,2.64
s7_p_pbby9p,2.12
s50_l_brau4p,2.44
s18_p_bgib7p,2.6
s40_p_swij3s,2.76
s33_l_bgao2s,2.6
s7_p_brib1n,2.0
s21_l_swwyzn,2.8
s22_l_brwo3a,2.68
s48_p_lbiy9a,2.4
s27_p_sgaf2s,2.24
s34_l_lwad9n,2.56
s32_p_bbwm8p,2.36
s39_l_pwak3n,2.52
s33_p_prbm3s,2.4
s48_p_sbwq4a,3.04
s33_p_pbwr3p,2.68
s31_p_pwil3s,2.56
s4_l_pgbm6n,2.24
s21_l_prbr1n,2.64
s27_p_pbbq1a,2.52
s49_l_pwws9s,3.08
s36_p_lgwg9s,2.32
s23_l_sgbq9n,3.12
s11_p_sgih3n,2.24
s37_p_pbaq2p,3.2
s3_p_lbws5p,2.32
s4_p_prid2n,2.24
s33_p_bwau9s,2.48
s23_l_lrakza,3.04
s20_p_lrbf9a,1.96
s27_p_pwbsza,2.84
s41_l_srbi7n,2.6
s26_p_pgas7n,2.88
s40_l_lgih8n,2.36
s46_p_bwaizn,2.44
s49_l_bwbb2p,2.6
s21_p_lrbg6p,2.52
s31_l_bbwg8a,2.56
s12_l_lbwf9a,2.0
s32_l_sraeza,2.36
s12_p_lwbm4s,2.0
s29_l_lbba4s,2.68
s28_l_bgio3a,2.24
s29_l_bgio4a,2.4
s53_l_lbbs2a,2.52
s5_l_pgblzp,2.92
s25_p_pwis2p,2.64
s18_p_lrbr9n,2.4
s4_l_brbizp,2.64
s40_p_sgak1n,2.6
s26_l_brbu9a,2.36
s51_p_bgavza,2.68
s5_p_bwii8p,2.32
s29_p_sbih1s,2.88
s10_p_srid1a,2.32
s3_p_pgimzn,2.28
s8_l_pwbp7p,3.52
s55_p_lgwt4s,2.88
s8_l_swby2s,3.24
s54_p_lbam6s,1.64
s9_p_lbwl9s,2.4
s29_p_bbwjzs,2.44
s18_p_swik4p,2.64
s5_p_lbar6n,2.24
s16_l_srao4n,3.08
s26_p_lrig5s,2.52
s46_p_pbay7p,2.64
s38_l_lrbn7a,2.28
s11_l_bbwi4a,2.52
s27_l_brab1a,2.28
s49_l_sbwqzp,2.88
s49_l_sbwiza,3.36
s33_l_sbbx7n,2.76
s17_l_bgwd5a,3.16
s26_l_bwwm8s,2.52
s37_p_sgiv5p,2.92
s36_l_lraa8p,2.76
s32_p_pgaz9p,2.36
s13_p_lgia7s,2.72
s9_l_lgba4s,2.52
s35_l_prbr6a,2.48
s51_l_swao5n,2.96
s21_l_bgap5n,2.68
s20_l_lbwl4a,2.32
s15_l_bgax3n,2.64
s55_p_sgak6n,2.92
s52_l_sgix2a,2.84
s2_p_srbc8n,2.56
s23_l_lrws8s,2.92
s21_l_lwah5n,2.68
s35_p_swwj3a,2.44
s50_p_lriy9a,2.24
s22_l_sgbe5s,2.72
s8_l_swws4a,3.4
s25_p_pwbm6a,2.44
s24_p_lbwg8s,2.2
s37_p_lrwf6n,3.0
s37_p_prae5n,3.04
s21_p_briu7n,2.24
s50_l_pbbk6n,2.48
s52_p_bwwi3s,2.48
s39_p_pbby1n,2.6
s41_l_sgwe6p,2.88
s44_p_pwaf8n,2.4
s39_l_pgbg2a,2.6
s10_l_srai8s,3.04
s36_l_sgwe7n,2.52
s25_l_brim6a,2.52
s25_l_srbj8n,2.72
s41_p_pwbs8p,2.76
s25_l_pbaj7s,3.08
s9_l_bgwb9a,2.56
s31_p_lwiuza,2.6
s42_p_srwx6s,2.12
s33_p_pwajza,2.56
s33_l_praf5n,2.52
s8_l_lwam7s,3.28
s42_p_lbwg8a,2.04
s47_l_lwaf6a,1.96
s37_l_pwik3p,3.24
s3_l_lwbe3n,2.32
s4_p_bwbg9n,2.24
s7_p_srad8s,2.08
s20_p_pgil4a,2.16
s20_p_bgbj9n,2.16
s55_l_brwc5n,2.52
s40_p_lgam9p,2.72
s7_p_lraf7s,2.16
s20_l_pbip3p,2.68
s20_p_lgig4s,2.2
s11_l_sgwf2n,2.24
s46_p_sgidza,2.76
s11_l_bbab2n,2.2
s35_p_sbab8p,2.64
s22_l_pwaz8s,2.84
s6_l_lrbuza,2.6
s30_p_swbv5s,2.24
s21_p_lwah5n,2.4
s54_l_lbis1p,1.76
s52_p_bgib2p,2.68
s43_l_pbbc5n,2.96
s32_p_swwp9p,2.32
s38_p_lbby5s,2.52
s54_l_pbbz2n,1.84
s49_p_bban7a,2.8
s2_p_lwaq8s,2.8
s18_p_bbif3a,2.04
s37_l_brbb4s,2.92
s28_l_prbf5p,2.76
s5_p_lgis4a,2.36
s49_l_sbbo6a,2.76
s45_p_pwwm6p,2.72
s46_p_sbbt2s,2.6
s51_p_lriy7n,2.6
s27_p_sbac7s,2.6
s41_l_lgan9p,2.76
s29_l_sgix2n,2.52
s17_p_pgwk2s,2.72
s19_p_lrae8n,2.64
s17_p_pgiyza,2.92
s13_p_bwah5p,2.88
s35_p_pwwr2p,2.36
s39_l_pbiv1p,2.72
s28_l_pgba2a,2.52
s29_p_pgiq4s,2.56
s6_p_lgbi2s,2.16
s7_p_prws7n,2.28
s24_p_pbbl6p,2.4
s35_l_bbbt6n,2.76
s2_p_lbwm6n,2.76
s48_p_lrbs5n,2.68
s22_p_pgby6s,2.72
s17_p_lgat3p,2.92
s8_l_prwe1s,3.12
s19_l_lwws8n,2.8
s19_l_sbij1s,2.32
s6_l_sgar4n,2.24
s27_l_pgwb1s,2.84
s14_l_bwbi2a,2.32
s10_p_pgir2a,2.28
s43_l_pwba4a,2.76
s32_l_sbig8n,2.64
s30_l_brbu8a,2.36
s46_p_sbbo1n,2.32
s33_p_lgaa6n,2.56
s54_p_bbaozp,1.96
s21_l_pgbq2s,2.72
s43_l_lrik3n,3.08
s54_p_lwis4s,1.76
s23_l_pgan2s,3.04
s54_l_sgbk3a,1.8
s25_l_srbdzp,2.92
s12_l_swiv6s,2.0
s27_l_sbac7s,2.8
s36_p_swijzn,2.68
s21_l_swayzp,3.08
s41_l_bbas4s,2.56
s49_l_brwv2s,2.68
s52_l_sgay7p,2.4
s41_p_pwix2s,2.4
s33_l_lbik7a,2.52
s11_l_sgiq4a,2.64
s14_p_srwp8s,2.24
s15_p_lwbe4a_WRONG_lwbu4a,2.24
s36_p_lrah1a,2.52
s53_p_prik9p,2.4
s31_p_pbbj8s,2.48
s17_p_lbwg2a,2.68
s50_p_bwwi3n,2.2
s29_l_lris1a,2.4
s21_l_lgbb4n,2.84
s45_l_pgwb3a,2.68
s22_l_lbiv7p,3.4
s21_l_sbih3a,2.84
s13_p_lwby6s,2.84
s29_p_lgik5n,2.6
s14_p_lwbs2s,2.36
s27_p_pbwk2p,2.56
s39_l_prij5s,2.56
s23_p_lbik6n,2.88
s24_l_srbj8n,2.44
s27_l_swwdzn,2.92
s10_l_brin2n,2.76
s48_l_sbwq4a,3.08
s13_l_pway1a,3.12
s13_p_brbi5a,2.68
s15_l_pbilzp,2.88
s48_p_lwimzn,3.0
s20_l_lbas7n,2.32
s33_l_brih1s,2.56
s48_l_brwt8p,2.68
s4_p_bwwv6s,2.32
s4_l_lril8p,2.0
s54_p_brac3n,1.48
s13_p_bbbtzp,2.68
s5_l_prbq1s,2.4
s52_l_lbiy1a,2.44
s30_p_sbaj6a,2.16
s6_l_pbwy9p,2.56
s10_l_pgba6s,3.04
s51_p_bwwqzp,3.32
s31_l_lbwm2n,2.8
s12_l_prwrzp,2.2
s25_l_lwwozp,3.04
s7_l_brib1n,1.92
s20_p_lgigza,2.24
s35_l_sgwz5a,2.84
s14_p_pwil8s,2.2
s43_p_lwwv1p,2.48
s15_p_sbiiza,2.64
s8_p_bria4s,2.76
s28_l_bwao1a,2.48
s38_l_lbwl3n,2.24
s13_l_lgab1a,2.84
s38_p_bwwjza,2.28
s13_l_sgbz7s,2.56
s55_l_sriizp,2.68
s54_p_prax5s,1.64
s36_l_pwwmzp,2.84
s48_l_pbby6s,2.92
s16_l_swwv7n,2.92
s31_p_lbbj7p,2.72
s41_p_pwaf9s,2.36
s54_l_pbwz5p,1.8
s8_l_lwat6s,3.16
s42_p_bgat1p,2.12
s40_l_prwz8p,2.88
s18_l_bram8s,2.24
s40_p_lgbi7p,3.2
s55_l_srwp2s,2.76
s10_l_pbwm2p,2.84
s42_p_lrwn3a,2.04
s34_p_sgwv6a,2.32
s19_l_pgbgzp,3.28
s5_p_srbx1a,2.36
s32_l_pgag9p,2.72
s35_p_srwx4a,2.28
s53_l_lgau1a,2.28
s7_l_brih2p,2.28
s23_l_sbac4a,3.16
s32_l_pbik6a,2.32
s29_p_lwas8s,2.64
s6_p_pwws2s,2.16
s19_p_pwak1s,2.56
s43_p_srbi4n,2.4
s37_p_praz4n,3.0
s26_p_sgwlzn,2.88
s34_l_lrwz8a,2.48
s43_l_pras4s,2.84
s24_p_lbad9n,2.12
s28_p_lgbh8n,2.24
s13_p_bwwx8a,2.72
s54_p_sgbk3a,1.76
s42_p_lgboza,2.4
s20_p_pgarzn,2.24
s13_l_swwl2n,3.0
s14_l_sgix7p,2.64
s22_p_lwig6n,2.68
s44_l_lgit4s,2.6
s54_p_bwwi9n,1.76
s52_l_sgak2a,3.16
s50_p_swao7s,2.6
s2_p_bwwi1a,2.52
s43_p_lwwi5p,2.72
s3_l_bgbo6a,2.36
s49_p_bgiv8s,2.44
s17_p_bbih4p,2.88
s44_p_bbbb3a,2.32
s22_p_pbwr1p,2.68
s20_l_pgwu6a,2.36
s39_p_lrwo3a,2.16
s5_l_srax3a,2.6
s24_l_sric4n,2.4
s32_l_sgaq1a,2.52
s3_p_pridzs,2.28
s19_p_sbwi8p,2.88
s27_l_sgbl7n,2.76
s3_p_pgiy4a,2.12
s5_l_lwiz7s,2.64
s25_p_sbig5n,2.44
s42_p_bgbv7s,2.12
s29_l_sgby6n,2.84
s7_l_pwwt2a,2.4
s4_l_pgal7a,2.08
s2_l_bwwi1a,2.84
s50_p_bwbx3p,2.04
s47_p_bbbu1s,1.92
s21_l_pgas6p,2.96
s33_l_bram5p,2.44
s45_p_swar1n,2.72
s6_l_sbbo6s,2.2
s43_l_bwwx9s,3.08
s41_p_swaj2a,2.8
s20_l_bwiv3a,2.12
s13_p_srao3p,3.04
s43_l_sgbd6s,3.04
s31_p_prwz1p,2.52
s23_p_swbj4s,3.0
s42_l_pbiq7a,2.16
s49_p_brwv2s,2.28
s17_l_brbt7a,2.76
s16_p_swax9s,2.76
s9_l_sway9p,2.48
s49_p_sbwiza,2.92
s39_p_lgit1n,2.4
s28_p_pbbb6s,2.36
s2_l_srid2a,2.8
s38_l_sbai4a,2.36
s30_l_sbau9a,2.2
s3_p_prwf4n,2.16
s5_l_lbar6n,2.48
s38_p_lraa4a,2.0
s15_l_pbwz2a,2.76
s8_l_sway9p,3.28
s6_p_pbbfzn,2.72
s6_l_bran5p,2.36
s40_p_srib6s,2.36
s50_p_pgwf2p,2.12
s43_p_bbao6a,2.44
s40_p_pbby6a,2.64
s14_l_brwn8p,2.36
s4_l_lrazzp,2.68
s15_p_priz2n,2.28
s14_p_pwwm5s,2.24
s17_p_bwip1n,3.04
s7_p_pbwz6n,2.48
s31_l_lwiuza,2.84
s12_l_bbwa4a,1.88
s10_p_pwwk7n,2.48
s50_p_pbwe5a,1.92
s35_l_swwj3a,2.88
s39_p_lrbu3a,2.2
s52_p_sgac6s,2.4
s42_p_lbas7p,2.08
s24_l_bgac3p,2.92
s34_l_swbr3n,2.64
s28_p_prws3p,2.48
s30_l_lbwr7n,2.16
s31_l_prax2n,2.68
s10_p_pgwe9p,2.28
s49_p_prbf8p,3.08
s32_l_pwix5a,2.48
s7_l_lwal6n,2.24
s50_l_sbai4n,2.64
s51_l_lbaz1n,2.88
s24_p_srib7n,2.36
s6_l_pbbfzn,2.76
s29_l_swwc7n,2.72
s16_p_pgwh5p,2.76
s24_p_bgbx6s,2.28
s30_l_pwbf6n,2.32
s51_l_lbie9s,2.84
s23_p_sbwj9n,2.92
s44_p_bgip1s,2.36
s53_p_lgwa4a,2.32
s8_p_sgip7s,3.56
s8_p_sbah7a,3.28
s21_l_prblzp,2.96
s2_l_pwid1s,2.76
s8_l_pbaq3n,3.04
s20_p_bwao4s,2.48
s19_p_lgaozp,2.68
s53_l_bbao7a,2.4
s47_p_lwbt5s,1.88
s51_p_lgws2s,2.64
s14_l_sway9a,2.64
s11_p_bgiu3s,2.2
s13_l_sbbu4n_WRONG_bbia1s,2.72
s24_p_briozp,2.56
s21_p_pwbf2s,2.24
s23_l_lbwf4p,3.24
s44_l_pbiv2n,2.68
s24_l_bgwi2p,2.56
s11_p_lwbz6n,2.32
s24_l_lrif9p,2.4
s13_p_pgak3n,2.76
s10_p_pwwh1p,2.68
s16_l_sbwd4p,2.6
s45_p_swin1n,2.24
s39_p_bwwh4n,2.48
s25_l_pgar5a,2.96
s46_l_brat8a,2.36
s10_l_braczp,2.72
s2_p_bgwj2n,2.88
s2_p_pbwp7n,2.8
s36_l_pgwf3n,2.36
s43_l_priy3a,2.8
s17_l_sbwi6n,3.48
s14_p_pbbf1n,2.32
s18_l_sbbi6s,2.52
s47_p_swbv8s,2.04
s7_p_pgbl7s,2.16
s25_l_lbaf9a,2.8
s13_p_bgan6s,2.88
s48_l_swbb2s,3.0
s16_l_lgazza,3.08
s47_l_pgig2a,2.16
s50_l_bgis7p,2.56
s45_l_pbiq6s,2.96
s47_l_bwwvzs,2.0
s53_p_sbbizs,2.52
s40_l_swij3s,2.88
s43_l_bbbo7a,3.0
s50_l_brbczp,3.16
s32_l_pbayzs,2.68
s13_p_sgbq7s,2.56
s32_p_sbig8n,2.52
s55_p_braa8a,2.48
s13_p_bwic1a,2.64
s31_l_lrbg3n,2.8
s14_p_sbav6p,1.96
s39_l_sgak6s,2.76
s50_l_pgbs8a,2.36
s36_p_lraa8p,2.64
s46_l_lgiu7s,2.84
s33_p_sgbfzs,2.64
s21_p_sbwx4n,2.4
s53_l_brbn6s,2.48
s21_l_swac8s,2.6
s23_l_srip7n,2.72
s47_l_sbbp3p,2.2
s42_l_lbas7p,2.4
s44_l_bbaa5s,2.6
s40_l_lbwq5p,2.96
s33_p_pgie2n,2.48
s5_l_swaj4a,2.64
s28_l_bwah2p,2.36
s36_p_swbx8p,2.44
s3_l_lwia1n_WRONG_bbam2p,2.36
s40_p_swid2s,2.68
s5_l_bwbu2s,2.52
s33_p_brih1s,2.32
s45_p_pgae2p,2.52
s13_p_lgwo9a,2.76
s3_l_lrbozs,2.68
s28_p_lrwt7s,2.16
s50_l_pgwf2p,2.56
s17_p_pgbz5p,2.84
s3_l_srwv5p,2.44
s26_p_lwat2p,2.6
s34_p_lwbn9p,2.48
s13_l_bgwezp_WRONG_swbe9n,2.96
s49_l_pwid2s,2.68
s41_p_lbig2p,2.44
s43_l_bbao6a,2.88
s52_p_bgwj9n,2.32
s54_l_lbbt1s,1.68
s54_l_swiy2p,1.88
s42_l_pwbz3n,2.16
s10_l_srid1a,2.52
s10_l_lwix7n,2.4
s54_p_bwixza,1.72
s23_l_swbz1a,2.96
s27_l_swbp4a,2.8
s46_l_bgwv8a_WRONG_#(big)gwv8a,2.96
s38_l_sbbv4a,2.48
s12_l_pgiq7n,2.12
s27_l_srwr6s,2.72
s25_l_pbar1s,2.88
s44_l_pbaj7p,2.72
s47_p_bbbn9p,1.92
s7_l_brba7n,2.24
s19_l_sgiqza,2.96
s48_l_braa7a,2.64
s49_l_lgin1n,2.56
s6_l_lgit8n,2.36
s32_l_bbab5n,2.12
s25_p_brbpzn,2.16
s30_p_sgbd2p,2.28
s24_p_lgwx1p,2.36
s16_p_srav8s,2.84
s48_p_pgwz9a,2.56
s28_l_swix1s,2.24
s41_p_pbbp6s,2.52
s37_p_bgbb6p,3.16
s13_l_sgij8a_WRONG_sgig8a,2.96
s21_l_lrbg6p,2.84
s51_l_lrwg5p,3.44
s22_p_lwbh6p,2.68
s51_l_bbihzs,2.92
s47_p_bwwq2s,1.8
s50_p_brbv2s,2.16
s50_p_sgbq5s,2.4
s30_p_sbau9a,2.08
s55_p_lbir7a,2.76
s17_p_prik2s,2.84
s38_l_lbwm4n,2.16
s46_l_pbay7p,3.0
s7_p_srac1n,1.88
s25_p_srbdzp,2.48
s41_l_brbj1n,2.52
s48_l_srbq2p,3.16
s8_p_pgwg8s,3.24
s52_p_sriu9s,2.6
s2_l_bgwj2n,2.68
s13_p_lgwj1p,2.8
s42_l_lbwg8a,2.04
s32_l_srwd3s,2.56
s4_l_brbb6p,2.2
s33_p_pwwl6a,2.36
s11_l_pgbm6s,2.68
s44_p_lwbf6n,2.44
s46_p_srwq5p,2.4
s35_p_brin1n,2.24
s41_l_lbak3s,2.6
s12_p_pgwn2p,2.08
s38_l_srbn6a,2.28
s30_p_pwbf6n,2.28
s15_p_lwbt8a,2.56
s8_p_pwbp7p,3.28
s45_l_bgwk7n,2.52
s19_p_sbbi3a,2.16
s33_l_lwbt4p,2.76
s20_p_brbi8a,2.12
s28_p_pwwz1s,2.2
s27_p_lbiy4p,2.72
s27_p_sbah2s,2.56
s6_p_pbie3a,2.16
s50_l_swao7s,2.52
s55_p_sbip1p,2.72
s14_l_pwatzs,2.36
s7_p_sgar6p,2.12
s6_l_brbb1p,2.36
s20_p_praq3p,2.08
s7_l_sbbv6a,2.4
s43_l_pwbq7n,2.92
s24_l_lriz2p_WRONG_#lriz2p(distorted),2.64
s29_p_bwivzn,2.32
s31_p_bgaq1a,2.12
s24_l_lgib2n,2.4
s29_l_sgwe3n,2.64
s54_p_lgaa8a,1.56
s26_l_prax7p,2.72
s14_p_pbwc1p,2.12
s16_p_pbae1a,2.88
s15_l_lwikzs,2.72
s55_l_lgis3s,2.84
s3_p_bgwv7n,2.28
s37_p_lbwm6s,2.84
s41_p_sgwe6p,2.52
s12_p_brbi3s,1.8
s34_l_bwii1p,2.48
s13_l_pbwr4s,3.0
s19_p_lwam4p,2.28
s6_p_lgim2n,2.52
s28_l_swbq6s,2.08
s31_l_lbbj7p,2.96
s6_l_lbaq5n,2.48
s2_l_lrbr7p,2.64
s10_p_lwaa3p,2.28
s2_p_lrwh3p,2.28
s38_l_lbif9a,2.2
s19_l_sbwi8p,2.76
s15_p_bgwv7s,2.36
s5_l_sbwy1n,2.16
s35_p_sgwz5a,2.56
s55_l_bwio6n,2.28
s28_l_pbay4p,2.16
s38_l_lgag8s,2.16
s37_p_bwbu4n,2.76
s13_p_swwl2n,2.68
s17_p_bbwf4a,2.84
s45_p_sbiu4a,2.56
s47_l_pgik5n,2.0
s39_p_pbix2s,2.52
s33_l_sgbc9p,2.72
s11_p_srwp9s,2.24
s44_l_lwbn8n,2.84
s55_p_sriizp,2.72
s55_l_sgwk9a,2.8
s46_p_lwwa5p,2.68
s21_l_bbbn9a,2.76
s20_p_lrba6p,2.32
s29_l_bwit8s,2.8
s24_l_sbig5n,2.4
s9_p_bgic8a,2.52
s30_l_swbq3a,2.32
s5_p_lrimza,2.24
s4_l_bwbg9n,2.88
s42_p_sgbd5p,2.48
s11_p_sgbo8a,2.48
s25_l_lbad9n,3.12
s47_l_priy5s,1.96
s12_l_lrag5a,1.92
s30_p_swbq3a,2.28
s13_l_bgau9n,2.96
s20_l_sgik2p,2.6
s19_p_sriv7n,2.28
s30_p_sbwj3s,2.32
s42_p_pbiq7a,2.12
s26_l_brav5s,2.52
s20_l_lbid5n,2.32
s12_p_bbwa4a,1.8
s21_l_pgat5n,2.92
s45_p_pgwb3a,2.68
s46_p_lwwb3s,2.24
s13_l_brwxzs,2.92
s31_p_pbay5a,2.48
s36_p_brav3n,2.6
s51_l_lwbu3s,3.12
s8_l_srijza,3.12
s19_p_sriu4n,2.2
s33_l_sgbl4a,2.56
s25_p_bgwi2p,2.36
s12_l_brwpza,2.08
s46_l_swab9s,2.92
s42_l_pbwf7p,2.28
s53_l_lbbr8p,2.56
s41_l_prwl9p,2.52
s3_p_sgwl2p,2.44
s38_p_lbwl3n,2.28
s9_l_bgbd1n,2.44
s17_p_sbwv7n,2.8
s46_p_bgbkzp,2.4
s22_p_pgay8s,2.8
s25_l_lwih3p,3.04
s50_l_bbwbzp,2.8
s36_l_lbil2s,2.64
s29_p_lrwg9n,2.68
s14_p_bgbh8p,2.32
s15_l_swap2a,2.88
s52_l_lwin6a,2.4
s6_l_sgbr8a,2.32
s2_l_bgwe1a,2.92
s2_p_bgih4s,2.76
s29_l_lwau4n,2.52
s15_p_bwiu8n,2.4
s38_l_lwbb9p,2.68
s12_p_pbie8a,2.12
s25_l_lbwg8s,3.04
s46_l_bgin7p_WRONG_bgbn7p,2.92
s13_l_lris2p_WRONG_sbbu4n,3.08
s20_l_praq3p,2.52
s43_p_priy3a,2.44
s20_p_bbwo4n,2.4
s15_p_brbg7s,2.24
s9_l_sbah7a,2.52
s15_p_brbn4a,2.36
s16_p_srit2a,2.68
s13_l_bwwx8a_WRONG_lbif7p,2.68
s51_l_lbba3n,2.88
s26_l_sbab8n,2.64
s54_p_lwbb8a,1.68
s49_l_bgiv8s,2.68
s22_p_brwh6n,2.4
s54_l_prwq6p,1.8
s10_l_pbwq2a,2.68
s18_l_pgir4s,2.52
s45_l_prws2p,2.6
s26_p_lwaa7p,2.44
s17_l_bbba3s,3.04
s15_l_brin5a,2.68
s9_l_swic8s,2.36
s4_p_brbizp,2.2
s3_p_bbbn6n,2.28
s43_l_lbiq7a,2.92
s52_p_braa2s,2.6
s42_p_sriu2a,1.8
s7_p_lrbt1a,2.04
s40_p_bbbc2s,3.0
s18_p_pbby4a,2.36
s39_l_pwaszn,2.72
s14_l_brav5a,2.32
s36_l_lwal4n,2.4
s13_p_srbq4a,2.68
s36_l_lgan5n,2.44
s38_l_lraa4a,2.28
s50_p_bbwbzp,2.8
s3_l_swii9a,2.28
s21_l_sgbv2a,2.72
s34_l_lwbn9p,3.0
s7_p_srao8n,1.88
s26_p_pgar7n,2.76
s4_l_prbd9a,2.12
s30_p_pwie2p,2.04
s7_l_srad8s,2.12
s12_l_lgwp3n,2.0
s47_l_lria1p,1.84
s27_p_pbbk3s,2.64
s20_l_bgic6s,2.32
s14_p_sbijzp,2.2
s35_p_lgig4n,2.32
s43_l_lbir3s,2.72
s9_p_bgwb9a,2.44
s46_p_srbj6n,2.36
s8_l_bria4s,3.0
s12_p_lbas9a,1.84
s24_p_swby1a,2.4
s3_p_swwp8s,2.28
s39_p_pbiezn,2.48
s7_l_srac1n,2.24
s2_l_sgaz1a,2.92
s45_p_lbas9p,2.68
s5_p_pbae8p_WRONG_pbae8p,2.2
s25_p_lwit8s,2.52
s11_l_prii7n,2.8
s46_l_sbbt2s,2.64
s42_l_brbh2s,2.2
s55_l_pbiy5p,2.8
s49_p_pgim1a,3.04
s23_l_brbi8p,3.12
s31_p_pbbr3s,2.56
s52_l_braa2s,2.6
s8_p_swwr4s,3.08
s13_p_bbbt3s,2.6
s27_p_lbwm3p,2.52
s12_l_pgwb2s,2.04
s16_l_srac5p,2.76
s3_l_bbwt8n,2.24
s38_p_lrie2a,2.0
s9_l_swwq2s,2.64
s53_l_lgwa4a,2.56
s53_p_brig3p,2.56
s24_l_bbwu4a,2.76
s36_p_lrbz3s,2.56
s41_l_sgwq3p,2.64
s33_p_srat5p,2.28
s11_p_swbq5s,2.48
s44_l_swbx2n,2.72
s38_l_bbbu5a,2.4
s32_p_pgwz2s,2.48
s19_l_pgba7p,2.52
s53_l_lbar5n,2.4
s20_l_brwn1n,2.24
s46_l_pgbz9n,2.68
s39_l_lbwn5s,2.4
s47_p_brat1s,1.84
s25_p_sgaq6n,2.64
s24_p_sgav7s,2.32
s46_p_lrag5p,2.52
s40_l_sbbv6p,3.0
s11_p_prae2s,2.52
s50_l_bgap8n,2.8
s23_p_lgab5s,2.92
s11_l_sbwk4s,2.76
s22_l_bwwp2s,2.76
s28_l_bgwd4p,2.4
s7_l_pbiczs,2.4
s17_p_swih9p,3.32
s49_p_bgak2a,2.64
s43_p_lril9n,2.4
s48_l_lrwo1p,3.12
s25_l_lriz2p,2.96
s54_l_brajza,1.72
s24_p_bbbv5p,2.6
s39_l_pgwz9s,2.52
s14_p_sgae4p,2.2
s7_p_sbbv6a,2.08
s26_l_srwp5p,2.64
s2_l_bwat8p,2.96
s42_l_bwwb9s,2.08
s13_l_bbah3p,3.04
s30_p_lbig4a,2.0
s51_l_pwid7p,2.96
s2_p_pwid1s,2.72
s45_p_pbap7n,2.44
s12_p_lbiz8s,1.84
s25_l_sgie1n,2.48
s46_l_lwwa5p,2.96
s54_p_lgbg8a,1.64
s25_l_lwba4s,2.96
s3_l_brwi7n,2.16
s48_p_sbbi4s,2.56
s38_p_prip8p,2.2
s54_l_sgbe4s,2.0
s41_p_brbc6p,2.4
s38_p_lgwt8s,2.16
s15_l_bwiu8n,2.36
s24_l_sraa2s,2.52
s17_l_bwbo6n,3.0
s53_p_pwwl5a,2.4
s9_l_lwam7s,2.64
s24_l_srib7n,2.56
s11_p_sbbo4s,2.92
s40_l_bgax3p,2.72
s13_p_lbbgzs,2.8
s45_p_brao1n,2.24
s23_l_lril3a,3.28
s36_p_srwh6a,2.6
s52_l_sbio8p,2.44
s50_l_prwr1a,2.76
s21_p_bwwu4a,2.44
s28_p_bwao1a,2.24
s22_l_brwh6n,2.72
s19_l_swwd2p,2.64
s38_p_lbwm4n,2.0
s45_l_lbwt4p,2.56
s43_l_bgbb4s,2.92
s44_l_pwwk8n,2.8
s15_p_prbk9s,2.36
s15_p_prbe7p,2.24
s36_l_lgwg9s,2.76
s42_p_bbam1n,2.0
s41_p_sgae7a,2.64
s12_l_lwwh7p,2.16
s35_p_lgwi9a,2.28
s46_l_bgbkzp,3.04
s36_l_swbx8p,2.72
s17_p_sgbz5s,3.24
s31_p_prws1n,2.24
s17_l_sbwv7n,3.32
s37_p_lgbh4a,2.96
s54_l_brac3n,1.6
s3_p_lgat3n,2.2
s50_p_pgbs8a,2.28
s32_l_bwaf5n,2.36
s4_p_lbbf2n,2.2
s10_l_prax4n,2.64
s54_l_bwwi9n,1.76
s52_p_bwwv1p,3.0
s8_l_bwwh5s,3.36
s21_p_sbwo8p_WRONG_#sbw08p,2.76
s46_l_bwbd3p,2.88
s4_p_swbo2a,2.24
s29_l_bgbpza,2.64
s44_l_pwaf8n,2.68
s15_l_prwl5n,2.6
s53_p_bbwc7p,2.32
s44_p_lbay9n,2.48
s30_p_lwbhza,2.36
s49_l_brwu6p,2.76
s28_p_bwip3n,2.04
s21_p_sriq2p,2.6
s33_p_pravzs,2.52
s2_l_prwgzs,2.8
s49_l_swwq5s,2.92
s40_p_pgak9s,2.6
s36_p_lgif7a,2.32
s48_l_brbg5p,3.08
s36_p_pray8s,2.44
s13_p_sriv8a,2.48
s25_p_srib7n,2.44
s39_l_pwwy7a,2.48
s5_l_lgaa6a,2.6
s23_p_bwwv8n,2.68
s7_p_bgbi4s,2.04
s26_l_pgar7n,2.52
s49_l_sbib6s,2.72
s34_l_swbq5n,2.68
s40_l_pbby6a,2.8
s14_l_bwwb5n,2.56
s29_p_bgbpza,2.4
s29_l_srwrza,3.04
s49_l_lbig1s,2.52
s35_p_bgbp5a,2.36
s16_p_pgwq8a,2.68
s17_l_prwl2n,2.96
s3_p_brbh6s,2.2
s8_l_lbwf3n,3.08
s2_l_praj6s,2.64
s7_p_lwwm7p,2.16
s7_l_prap5n,2.28
s44_p_sgwz9a,2.64
s10_l_bbat9p,2.48
s51_l_pwby9a,2.92
s32_l_bgao3p,2.56
s2_l_pbbr4s,2.96
s43_p_lgwh2a,2.64
s30_l_sbwj3s,2.44
s11_p_bbab2n,2.2
s47_l_prizzn,1.92
s15_p_sbbx3a,2.4
s53_l_bbbo1a,2.64
s31_l_sbwc4p,3.0
s7_l_bbig3a,2.36
s17_l_srii2a,3.12
s24_l_sgav7s,2.56
s38_p_sgiy1p,2.28
s26_l_lbbt3p,2.64
s9_p_lgbn2p,2.28
s9_l_sbwx2a,2.56
s27_p_sbwo9n,2.48
s2_l_lbba5a,2.8
s39_l_bwwh4n,2.6
s19_l_prwg5p,2.6
s10_p_braczp,2.16
s53_p_bbbo1a,3.04
s18_p_pgic7p,2.56
s42_p_lwbg6a,2.04
s25_p_lwaz4a,2.52
s11_l_swbj5a,2.16
s48_p_pgil4n,2.64
s28_p_sbwxzs,2.08
s31_p_brbc7n,2.36
s10_l_sgad4s,2.68
s19_l_sbip6n,2.4
s35_p_pbbe5s,2.48
s22_l_lwbh6p,2.8
s37_p_pway3p,3.0
s48_l_swad4a,3.2
s6_p_lgit8n,2.08
s45_l_sbiu4a,2.8
s27_l_brbu8p,2.52
s20_p_brih7p,2.16
s48_l_pgan3p,3.28
s22_l_bgibza_WRONG_bgwbza,2.64
s52_p_pbwz9n,3.04
s36_l_bbau4p,2.84
s17_l_srix9a,3.08
s18_p_lgia4a,2.4
s44_l_sgwd1n,2.68
s20_l_srwp1n,2.52
s33_l_lbas6s,2.52
s10_p_bbat9p,2.08
s40_l_brit4s,2.68
s18_p_pwaszp,2.48
s16_l_sgbr7s,2.88
s47_p_lbas7s,1.8
s41_p_swio8s,2.52
s6_l_sbac2n,2.4
s49_l_lwbg4a,2.72
s3_l_srwjza_WRONG_sgbx4p,2.44
s30_p_bwavzp,2.0
s3_l_lrwl8a_WRONG_lriy4a,2.12
s21_p_lwig3s,2.56
s20_l_pwam2n,2.56
s11_l_lbiy7n,2.52
s44_p_sgwd1n,2.48
s32_l_sriizn,2.4
s23_p_srip7n,2.72
s51_l_bwab3s,3.0
s21_l_bwba9p,2.64
s47_l_brwhza,2.08
s46_l_bwaizn,2.76
s22_p_bbbg4a,2.56
s33_p_lwbs8a,2.48
s43_l_lgag9n,2.8
s14_l_sradzp,2.64
s49_l_sgap4p,3.0
s14_l_prip9a,2.24
s13_p_bwbd4a,2.8
s10_p_swib5n,2.28
s13_p_pwwl2s,2.84
s28_p_bwai5s,2.76
s36_l_srwq9a,2.48
s50_l_pgiq4n,2.8
s6_l_srip5n,2.28
s36_l_lrah1a,2.64
s19_l_bgbx7n,2.84
s9_p_srid6s,2.48
s16_l_bwab7p,3.04
s23_p_swap8p,2.8
s41_l_pwap4a,2.52
s54_l_sbah7s,1.72
s22_p_bgbqza,2.8
s18_p_lraszn,2.36
s51_p_srii6n,2.88
s33_p_lbik7a,2.16
s2_p_sgiy5p,2.8
s35_l_swapzs,2.4
s5_l_sbapzs,2.64
s31_p_brbn3n,2.4
s35_l_lwih1n,2.48
s36_l_pbwd5a,2.72
s32_p_lrba7p,2.2
s40_p_pgwu3p,2.8
s34_p_pwws7s,2.48
s18_l_pgaz7p,2.92
s48_l_bwbh4n,2.84
s45_p_bgwd3p,2.68
s34_l_prbrza,2.84
s44_p_brai2p,2.56
s18_p_lbwz6s,2.16
s55_p_lbws2s,2.56
s41_l_brbc6p,2.68
s24_l_pwbm6a,2.88
s45_l_lgit9p,2.6
s26_p_sbbp9p,2.76
s41_l_bbim3s,2.68
s42_p_bgii4a,2.12
s20_p_srwp1n,2.2
s4_l_lwaf7a,2.16
s54_p_pbwz5p,1.76
s22_p_bwbu9p,2.84
s44_p_pbwl9a,2.6
s25_l_lgiu9p,2.8
s10_p_bwiu3s,2.56
s53_l_brib1s,2.48
s6_l_lgat8a,2.6
s39_l_lrbu3a,2.56
s27_l_bgbx4n,2.72
s17_p_pgilzn,2.72
s15_p_bgwi6p,2.72
s22_p_lwwa1p,2.76
s45_p_swby2n,2.72
s11_l_swwszs,2.48
s36_p_swai2s,2.76
s22_l_pgby6s,2.96
s55_p_brwc5n,2.72
s14_p_pwbk2n,2.24
s49_l_swwj3n,2.88
s42_p_sgwz1a,2.12
s44_l_sgbz3p,2.76
s3_l_sbwq1a,2.12
s27_p_bgbx4n,2.48
s24_p_sgie1n,2.44
s46_l_srwq5p,2.96
s53_l_bbaf8n,2.2
s50_p_pbbk6n,2.16
s46_p_bwah9p,2.56
s48_p_pbby6s,2.72
s8_l_bbbm9n,3.36
s44_p_bwbuzs,2.48
s21_l_lbaz5a,2.64
s14_p_bwit2p,2.04
s26_l_sbbi2s,2.56
s23_l_pbwz6s,2.92
s9_p_brbbzs,2.6
s41_p_bbas4s,2.64
s25_p_lwba4s,2.28
s18_l_pwij8n,2.52
s16_l_sbwp1a,2.92
s54_l_pbid1p,1.76
s22_p_bgai7p,2.64
s6_l_lrbm6s,2.2
s32_p_srwd3s,2.2
s10_l_swar4p,2.84
s9_p_srbjza,2.4
s6_p_lwbs3n,1.88
s50_l_srby6a,2.8
s39_l_bwan9a,2.32
s28_l_lram9n,2.28
s48_l_sbib7n,2.88
s28_l_lrwb1s,2.28
s40_p_bbiozs,3.24
s16_l_srav8s,3.0
s14_p_sgix7p,2.28
s47_l_lbbl4s,2.04
s2_l_brat5p,3.04
s8_p_pbiu9n,3.04
s52_l_sriu9s,2.56
s36_p_bgic5s,2.44
s50_l_braf1p,2.56
s36_p_pgwf3n,2.68
s50_p_sbbu9s,2.24
s31_p_pgiaza,2.68
s10_l_sbib5a,3.04
s52_l_lrag6p,2.52
s19_p_lbbn3a,2.44
s52_p_lwin6a,2.44
s55_l_lwwc1a,2.56
s14_l_sbijzp,2.76
s47_p_srwi7s,1.96
s28_p_bbbu8n,2.0
s44_l_brag4p,2.56
s11_p_sbwx3p,2.24
s11_p_lbirzp,2.48
s13_l_lwig9p_WRONG_srbq4a,2.68
s9_l_pwwt6a,2.4
s40_p_sriv5n,2.56
s16_p_sbwp1a,2.76
s43_p_pgws6a,2.52
s52_p_lwat4s,2.32
s10_l_lgwp6p,3.12
s29_p_srap9a,2.08
s53_l_pbaezp,2.6
s14_l_pwbk2n,2.28
s5_l_lran3p,2.72
s4_p_priy3n,2.2
s38_l_lgwt8s,2.36
s2_p_srid2a,2.6
s31_p_pwiq9p,2.56
s14_l_bria3a_WRONG_braa3a,2.2
s11_p_sgbp9p,2.56
s13_l_sric3n,2.88
s43_l_bwapzs,3.04
s50_p_bwib7s,2.28
s6_p_sgby9a,2.24
s49_p_bbas5n,3.12
s24_l_pwwk9a,2.56
s48_p_bgap1a,2.28
s44_l_sway1a,2.72
s7_p_swbz3a,2.08
s22_l_srai4s,2.76
s18_p_pbblza,2.56
s20_l_bgbkzs,2.4
s35_p_lbiy4a,2.68
s53_p_sgby9n,2.56
s11_p_swwj6s,2.36
s50_p_brih7a,2.08
s27_p_srwr6s,2.44
s55_p_sgizza,2.84
s36_p_pgik6s,2.88
s33_p_pgay5s,2.52
s5_l_srwk7a,2.56
s43_p_lgwg5n,2.64
s39_p_bwic8a,2.36
s39_p_prwm2s,2.4
s35_p_swikzp,2.44
s47_p_lgih2p,1.96
s23_p_lgwo6n,2.56
s14_l_bwwj9n,2.2
s7_p_pwwk5n,1.96
s28_l_lbbf5s,2.68
s43_l_bbbn6a,3.0
s20_l_lrbf9a,2.16
s15_l_lbim5p,2.84
s10_l_pgir2a,2.4
s8_l_sbwv3a,3.4
s19_l_swip4a,2.36
s4_p_pgbm6n,2.24
s15_p_lwwb9a,2.28
s10_p_prws1p,2.84
s55_p_pbin5n,2.92
s3_l_swip9a,2.4
s40_l_brwb4n,2.64
s28_l_bgac1p,2.2
s10_l_pbwz2n,2.96
s15_l_bwwp9s,2.64
s35_p_sgaq7a,2.64
s15_l_pbac8p,2.64
s36_l_pray8s,2.64
s22_l_prbf9s,3.08
s52_l_lwwa7a,2.76
s40_l_srblza,2.72
s43_l_sbam3n,2.8
s47_p_pwie1s,1.92
s34_p_lbbt1n,2.4
s38_p_swwx7n,2.48
s38_l_brit1n,2.28
s16_p_swaj8p,2.84
s11_p_pbir4a,2.16
s24_l_bgbx6s,2.56
s8_l_sbwx2a,3.56
s41_p_lrwf1n,2.12
s51_l_bwib1a,2.72
s22_l_bbbg4a,2.68
s11_p_lgia1n,2.28
s41_l_pbbp6s,2.44
s50_l_srwx6n,2.68
s13_l_bwah5p,2.96
s39_p_lwbs5s,2.52
s16_p_srao4n,2.56
s3_l_prwf4n,2.0
s19_l_swic2a,2.6
s30_l_srai1a,2.16
s47_l_bgap7s,1.88
s20_l_lrba6p,2.56
s41_l_sbit8s,2.8
s24_l_lwwozp,2.88
s38_p_sbbv4a,2.36
s16_l_lgau3a,2.88
s42_l_lral8p,2.44
s21_l_praj6n,2.72
s54_p_srwb9n,1.8
s46_l_sbbp6s,2.68
s53_p_bgbk5a,2.6
s22_l_prbf4p,3.08
s9_p_lrwz6a,2.56
s18_p_bgwx8a,2.12
s13_p_lwbb6p,3.12
s50_p_praz9a,2.28
s8_p_sway9p,3.36
s23_p_lram1p,3.12
s46_p_gbszs_WRONG_sgbszs,2.52
s23_l_lbik6n,2.96
s47_p_bwwy2a,1.76
s38_p_bgij2s,2.28
s42_p_bwac7a,2.08
s26_l_lwaa7p,2.76
s2_p_bwwc4s,2.84
s8_l_lgiu8a,2.92
s21_p_srbxza,2.84
s37_l_brai3p,3.16
s52_l_lwat4s,2.64
s24_l_bbbv5p,2.56
s44_l_lwiuzs,2.68
s2_l_lgau4n,2.84
s41_p_swbv5n,2.52
s21_l_bgai6n,3.12
s20_l_swwz5a,2.56
s11_l_pbir4a,2.6
s35_p_swic8n,2.44
s7_p_sbaq4a,2.12
s28_l_bbbu8n,2.52
s11_l_swwj6s,2.68
s49_p_sgap4p,2.48
s31_p_lgim6n,2.2
s34_p_lwad9n,2.32
s23_p_bwah3p,3.0
s46_l_lwaz4s,2.68
s37_p_praezp,3.24
s11_l_lrbz8p,2.28
s9_l_pgie1a,2.6
s46_p_lgiu7s,2.84
s21_l_pwid3a,2.76
s53_l_bbwc7p,2.56
s14_l_lwwn9a,2.28
s37_l_lwil5s,3.12
s23_p_swwd1a,2.84
s22_p_sgilzs,2.64
s35_p_pgwnza,2.6
s38_p_sbbb3n,2.24
s29_p_lbba4s,2.6
s49_p_bwbb2p,2.76
s13_p_bbbm6s,2.8
s11_p_pgbl7p,2.52
s9_l_prwe1s,3.04
s47_p_sgwgzs,2.12
s43_l_pbbr6a,2.8
s9_l_pbwk7n,2.6
s40_p_swbd8n,2.88
s41_p_pgamzn,2.52
s43_p_prbe1p,2.56
s27_p_lwbh3n,2.64
s22_p_pbbz5a,2.76
s39_p_bgip8s,2.56
s16_l_lrbnza,3.0
s51_l_prws4a,2.76
s14_p_pgal7n,1.96
s36_l_srio6n,2.88
s11_l_lwis2s,2.48
s39_p_bwaoza,2.52
s12_p_lgbi2n,1.92
s18_p_srby1n,2.44
s13_l_brav6s,2.84
s12_p_swwl1n,2.0
s6_p_lwigzn,2.8
s41_p_srivzp,2.68
s49_l_lwwi5s,2.96
s6_l_lgbi2s,2.36
s12_l_pgaz5a,2.0
s43_p_pras4s,2.4
s54_l_bgbpzp,2.04
s11_p_prid6a,2.24
s22_p_bwat3n,2.6
s10_p_bwbi7s,2.8
s7_p_swwk1n,2.04
s27_p_bbbo5s,2.52
s26_l_sbio3s,2.48
s9_l_briizs,2.92
s19_l_brat2a,2.56
s10_p_srbk3s,3.08
s32_l_lrba7p,2.6
s50_l_sbwv5n,2.64
s51_l_bgav1a,2.84
s5_p_sriczn,2.2
s14_l_bwwo2s,2.28
s36_l_lwbu4n,2.6
s50_p_pgie2s,2.12
s24_p_bbwu4a,2.28
s35_l_pgwf8p,2.64
s48_l_pgwsza,2.96
s47_l_bwwq2s,1.96
s19_l_lgaozp,3.36
s25_l_lwat7p,3.04
s9_l_pbbl4p,2.84
s22_l_pbwb9n,2.44
s39_l_prwm2s,2.52
s8_p_briizs,3.4
s35_p_sbwu7n,2.44
s33_p_bgao2s,2.4
s53_l_lwiz2a,2.36
s25_l_lrif9p,2.88
s4_l_brio1n,2.2
s15_l_lgbh6a,2.92
s29_p_lrie2n,2.56
s22_l_bbwo6s,2.8
s19_p_lrim7a,2.32
s31_l_srai4a,2.48
s17_p_praf5p,2.64
s5_l_pwad4s,2.56
s26_p_sbab8n,2.96
s26_p_swid3s,2.52
s42_l_pbwr5n,2.4
s49_p_pwbj3p,2.8
s8_l_lbwl9s,3.16
s33_p_swbjzn,2.48
s43_p_pbafza,2.76
s12_p_srwe4n,2.0
s31_l_pbay5a,2.64
s8_l_bgwr3p,3.68
s25_p_sric4n,2.2
s26_l_bwij1a,2.44
s49_p_pbby9a,2.8
s38_p_prbs5s,2.36
s24_p_bgwi2p,2.6
s38_p_bwwkza,2.12
s26_p_lgaf9s,2.52
s7_p_bbam9a,1.84
s42_l_bgbv7s,2.2
s25_p_sgiqzs,2.6
s22_l_lwig6n,2.76
s30_l_lrbszs,2.6
s12_l_pbbq7n,2.12
s2_p_pbbr4s,2.8
s16_p_bgah2n,2.44
s12_p_lgbbzp,2.08
s52_l_lbbf9p,2.36
s13_p_pbwr4s,2.72
s13_p_pway1a,2.8
s37_l_lbaf5a,3.28
s22_l_bwat3n,2.8
s34_p_lrim1n,2.2
s53_p_lbbr8p,2.32
s30_l_prik6n,2.16
s16_l_pgwh5p,3.0
s44_l_pgam6p,2.64
s47_l_prwq9a,2.04
s54_p_pbid1p,1.56
s23_l_bgai5p,3.0
s48_l_pwwf7n,3.0
s22_l_srwx1n,3.16
s19_p_swak9n,2.52
s40_p_brwb4n,2.28
s34_p_pgag4s,2.72
s31_p_lrbg3n,2.36
s5_p_lgaa6a,2.36
s2_p_brin7a,2.64
s7_l_swah2s,2.32
s39_l_brbl8s,2.28
s50_p_bwit1s,2.28
s24_p_bwin3n,2.84
s34_p_prbrza,2.52
s22_l_bwbu9p,3.16
s25_l_sgaq6n,3.12
s13_l_bbbtzp,2.88
s21_l_bwwu4a,2.68
s52_p_lgbizp,2.68
s11_l_lwwv2n,2.52
s20_l_lbbs5a,2.28
s45_p_sgic8n,2.52
s30_p_bwih1p,2.04
s26_l_lwbl9n,2.8
s54_p_prwq6p,1.72
s35_p_prbr6a,2.48
s33_l_pgwz3n,2.4
s52_l_bgbq4p,3.08
s28_l_swwe4p,2.2
s19_l_lbwl2s,2.6
s10_p_sgiv8p,2.8
s14_l_bwit2p,2.52
s20_l_swijzp,2.72
s10_l_lbbt4a,2.56
s30_l_sgwd2s,2.08
s24_p_lbaf9a,2.24
s32_l_sgwq9s,2.68
s17_p_prbq4s,2.96
s12_l_srih9p,2.08
s11_l_lrwg9p,2.6
s49_l_bbas5n,2.68
s27_l_lgaa5p,2.8
s26_l_sbwi2s,2.72
s51_l_lgws2s,2.84
s20_l_bbwn9p,2.52
s9_p_pbbl4p,2.36
s38_l_pgbg1s,2.48
s31_l_swbk4n,2.8
s17_p_bwbu3n,2.6
s42_l_sgbd5p,2.32
s15_p_lgwc7a,2.56
s13_l_bwbd4a,2.88
s6_p_bgai5a,2.36
s15_p_pwwg2p,2.24
s18_l_pbiq3s,2.52
s7_l_pbwz6n,2.36
s52_l_lbak1n,2.76
s9_l_pgwg8s,2.84
s38_p_bbbu5a,2.4
s35_p_swbx6s,2.56
s35_l_srak1s,2.44
s47_p_brwhza,1.96
s33_p_lbas6s,2.4
s33_l_lwia2a,2.52
s9_p_brbn1p,2.64
s2_p_lgau4n,2.88
s12_l_lgat6s,2.08
s39_p_lwba5s,2.36
s37_l_lgbh4a,3.08
s19_l_pwak1s,2.8
s48_l_pgie6n,2.88
s7_l_lrie5s,2.28
s6_p_pral3n,2.28
s35_l_swic8n,2.56
s54_l_bbwu6n,1.64
s52_l_srwe5s,2.72
s48_l_brbo1s,2.72
s30_p_pgis8p,2.44
s15_l_pwas1p,2.68
s50_l_bwib7s,2.56
s16_l_brio4s,2.92
s7_p_pbbq9n,2.2
s26_p_brbc1s,2.2
s27_l_prie1a,2.48
s12_p_sgaj3p,2.08
s36_p_pbwd5a,2.4
s30_l_bwwo8n,1.84
s32_p_pgit1n,2.32
s32_p_lrwn1a,2.0
s42_p_bbbt9p,2.08
s11_p_lrby1p,2.4
s43_p_lwam1n,2.32
s48_p_pgie6n,3.2
s25_p_sraa2s,2.48
s53_l_sgby9n,2.64
s52_l_bwan8a,2.88
s23_l_bwwv8n,3.04
s53_p_lwah4p,2.24
s6_p_sbbo6s,2.76
s54_l_bbaozp,2.12
s33_l_praz7p,2.4
s33_l_srax8n,2.24
s26_l_pwaz4p,2.88
s10_l_sriu1p,2.88
s47_p_bwio7n,1.72
s53_l_pbae9p,2.52
s5_p_brbi9n,2.16
s37_l_praz4n,3.04
s4_p_lwwa9p,2.4
s30_p_bwwo8n,2.56
s29_l_sbih1s,2.64
s29_l_lrat8a,2.84
s30_l_bbil7a,2.12
s40_l_pgwu3p,2.64
s13_p_pwiszs,2.92
s26_l_bbwh5p,2.32
s10_l_bbay5n,2.4
s24_p_lgib2n,2.32
s27_p_lrag2s,2.36
s53_p_srbq8a,2.6
s50_p_srwx6n,2.44
s40_l_bbwn5n,2.64
s9_p_lgiu8a,2.6
s46_l_bbaf8s,2.88
s10_p_lgwz8a,2.2
s45_l_swayzs,2.92
s22_l_swws1n,2.56
s47_p_lbaszn,1.84
s7_p_prap5n,2.12
s2_l_sgiy5p,2.84
s28_l_lrbm7s,2.12
s48_l_lgih3n,2.72
s29_p_pgag2a,2.36
s38_p_pgbr8a,2.2
s39_p_sbih6n,2.88
s14_l_priq7p,2.28
s30_l_lbay7s,2.44
s46_l_sbap4a,2.84
s31_l_pgiaza,2.92
s40_p_lraaza,3.08
s38_l_lrie2a,2.28
s42_l_bbam1n,1.8
s47_l_srwi7s,2.2
s19_l_prir6p,2.72
s51_p_lwwn8s,2.84
s52_p_sgid3s,2.52
s46_l_swwl2a,2.76
s23_p_brbi8p,3.04
s27_p_bgwj6p,2.56
s5_p_pbal3n,2.24
s50_l_praz9a,2.6
s41_l_lbir6p,2.64
s7_l_pgixza,2.52
s26_l_prbe6s,2.56
s5_l_lrwt7p,2.4
s19_l_sriu4n,2.56
s5_p_lrwt7p,2.28
s50_l_lwig2s,2.28
s39_l_lgia3s,2.48
s23_l_swbr5n,2.96
s29_l_lgib3p,2.96
s37_l_prae5n,3.2
s20_l_prie7p,2.52
s36_l_bgwe5a,2.36
s9_l_bbwv5s,2.36
s12_p_lril4p,1.84
s23_p_prbm2s,2.88
s26_l_sbag2a,2.56
s39_p_bgib9n,2.48
s45_l_brwi2p,2.64
s5_l_sbbb4p,2.72
s13_l_lwby6s,3.04
s43_l_pbafza,2.88
s11_p_prwtzn,2.48
s17_p_prwl2n,2.8
s35_l_sbbc9n,2.48
s31_p_bwwozp,3.12
s38_p_bwwd2s,2.24
s16_l_pgwq8a,2.92
s49_l_pgat3a,2.64
s28_p_swwe4p,2.28
s4_p_lbar3n,2.28
s9_p_lgao2s,2.48
s5_p_lgim2p,2.12
s37_p_priy2a,3.08
s49_p_sbaa8n,2.6
s28_p_prbf5p,2.4
s5_p_praq9s,2.16
s26_p_bwwm8s,2.36
s41_p_sgwq3p,2.64
s5_p_sbic1n,2.32
s38_l_lrba7n,2.48
s21_p_pgas6p,2.84
s6_l_bwbqza,2.4
s17_p_bwbuzn,2.76
s2_l_pbwl5a,2.84
s46_p_swab9s,2.44
s8_l_sgwf5p,3.56
s16_l_pwwm2s,2.96
s30_p_prik6n,2.08
s42_p_bwwx8p,2.16
s53_p_pgbg9a,2.12
s15_p_sgwf5n,2.48
s40_p_pgiz2n,2.8
s27_p_bwbn5n,2.36
s12_p_bria5s,1.8
s45_l_brbo3s,2.64
s14_l_bbau7n,2.08
s18_p_lwbh2p,2.4
s26_p_sbbi2s,2.76
s29_p_lgib3p,2.52
s24_l_pgar5a,2.52
s4_l_lbbh2a_WRONG_lbbh2a,2.16
s31_p_lgbt7n,2.44
s37_p_lras7n,2.96
s52_p_lbimzn,2.92
s37_l_sgwx9a,3.2
s38_p_swwrzp,2.48
s5_l_lrimza,2.84
s27_l_sgip5n,2.72
s7_l_bwao2n,2.16
s44_l_pbak3p,2.88
s34_p_bgicza,2.4
s39_l_bgai6a,2.64
s4_l_bwim9n,2.16
s24_l_sgie1n,2.44
s12_l_bgwj3a,2.04
s4_p_pwiv4a,2.04
s13_l_brbm9n,2.92
s5_p_lgis2p,2.28
s2_p_prwgzs,2.84
s49_p_brwu6p,2.96
s55_p_sgbx7a,2.92
s34_p_pwif4n,2.44
s5_p_sbwy1n,2.36
s8_p_lbwg1a,2.72
s4_l_swbxza,2.32
s9_l_lgiu8a,2.68
s34_p_sgii6p,2.4
s30_l_lgab5p,2.32
s9_l_srid6s,2.4
s45_p_lwam8p,2.52
s6_p_lgwu9n,2.12
s49_l_brbp4a,2.6
s21_p_lbaf8n,2.56
s5_l_bwii8p,2.4
s25_p_lwwozp,2.92
s46_p_lwwi3s,2.44
s32_p_sriizn,2.28
s40_l_pgiz2n,2.64
s21_p_pbii7a,2.64
s45_p_prbf1p,2.64
s15_l_pgir7n,2.8
s34_l_pbav9s,2.68
s46_l_bwah3n,2.8
s38_p_bgwq5n,2.36
s32_p_bgib6n,2.4
s5_l_lwbn3a,3.04
s19_l_sbbi3a,2.64
s33_l_bgbi6n,2.44
s21_p_lbbe5s,2.44
s39_l_lwba5s,2.56
s26_p_pwaz4p,2.68
s25_p_lrbh3n,2.4
s25_p_bbbv5p,2.48
s37_p_bbin7p,2.96
s27_l_brit3s,2.48
s49_p_lbig1s,3.0
s41_p_sbit8s,2.56
s42_p_swii2a,1.96
s22_p_lbiv7p,2.84
s46_l_pras2n,2.44
s27_l_bbbo5s,2.72
s17_l_praf5p,3.12
s49_p_pwws9s,2.72
s16_p_swwv7n,2.68
s43_l_srbi4n,2.88
s41_p_lgwb7s,2.4
s29_p_bwit8s,2.56
s25_p_lbwg8s,2.12
s44_p_sbio6p,2.6
s13_l_srai5p,2.88
s30_p_bwbx1s,2.12
s19_l_sbah1p,2.52
s38_l_bwii2s,2.36
s25_l_lwit8s,2.92
s12_p_brwpza,2.12
s10_p_bwbp9a,2.44
s29_l_pgiq4s,2.68
s30_p_bbil7a,2.0
s14_l_sgae4p,2.16
s3_l_lbie5s,2.56
s52_p_sgay7p,2.92
s44_l_bgbv4a,2.68
s32_p_lrwu2a,2.0
s4_l_bwwv6s,2.44
s31_l_pgwh6p,2.8
s25_p_lgwx1p,2.68
s27_l_bwai9a,2.48
s21_l_briu7n,2.56
s26_p_sbwi2s,2.44
s6_p_pgag5p,2.2
s28_p_bgiv9s,2.16
s10_p_lgif6n,2.48
s34_l_pbby3p,2.8
s52_l_swwr3s,2.88
s22_p_lgbv2n,3.04
s20_p_bbwh7n,2.2
s51_p_pbio8n,2.88
s12_l_lwamzn,1.96
s50_l_bwbj2s,2.6
s10_p_pbwm2p,2.6
s37_l_bwbp7n,2.96
s13_p_bbah3p,2.8
s24_l_pbaj7s,2.56
s39_l_bbab8s,2.84
s53_l_brwi6s,2.36
s48_p_srwc8a,2.64
s45_l_sgic8n,2.84
s54_l_pgay4a,1.8
s5_l_pbae8p,2.28
s20_l_bgwv8n,2.24
s17_l_sgbz5s,3.16
s25_p_bgbx6s,2.56
s43_p_sraj8n,2.24
s50_p_braf1p,2.08
s14_l_pgwu3a,2.32
s35_p_lbwm4p,2.28
s32_p_lwbh6a,2.2
s17_l_sbbd7s,3.12
s25_p_prby1p,2.56
s54_p_bbwu6n,1.68
s42_p_lbwm5n,1.96
s54_l_prax5s,1.68
s35_p_bbbt6n,2.44
s11_p_bgia7s,2.12
s16_p_lgau3a,2.76
s38_p_lrwz9a,2.24
s49_l_sgwd8s,2.88
s32_p_lrbs4s,2.24
s7_p_brba7n,2.52
s37_l_pbix8n,3.28
s5_p_pgid5n,2.2
s28_l_prbl3a,2.44
s22_l_pbbz5a,2.76
s26_p_lrbu6a,2.36
s14_l_sbac1n,2.28
s2_l_srbc8n,2.76
s35_l_bgivzn,2.56
s16_l_bwbc7n,3.08
s36_l_sbax3a,2.84
s17_p_swwr9n,3.08
s28_l_lbbs8s,2.84
s29_p_swwc7n,2.28
s29_l_bwivzn,2.76
s40_p_sbbv6p,3.0
s25_p_brim6a,2.32
s18_p_bran1p,2.52
s51_p_lwih3a,2.56
s15_p_bgwd6n,2.28
s30_l_sgbd2p,2.28
s46_l_sriu7n,2.44
s22_l_pbwk1s,2.56
s34_l_lrim1n,2.48
s27_p_bwai9a,2.48
s22_p_pgadzs,2.64
s38_l_pwbs8n,2.56
s35_p_lbaa3a,2.44
s17_l_swbxzp,3.52
s42_l_lgboza,2.4
s53_p_lgiu6s,2.2
s42_p_srwc5p,2.12
s10_l_pbbj5n,2.68
s50_l_sgir3s,3.12
s54_l_pgbt1p,1.92
s44_p_bgbv4a,2.6
s55_l_bwwi3a,2.28
s37_p_lwit8a,2.96
s12_l_swwl1n,2.04
s23_p_brbb4a,2.96
s42_p_swiq4a,2.12
s4_p_bris6a,2.0
s28_l_swiizp,2.36
s42_p_srajzs,2.12
s22_l_sbwj8s,2.64
s8_l_brbn1p,3.2
s33_l_lbagzn,2.72
s9_l_lrwizp,2.6
s20_p_bgbkzs,2.28
s7_p_lrbs5s,1.96
s29_p_bwwu7n,2.28
s25_p_lriz2p,2.24
s36_l_sban8p,2.72
s46_p_brat8a,2.36
s54_p_bbif7p,1.68
s50_p_swiczp,2.6
s28_l_pbbb6s,2.4
s31_l_bbib2p,2.76
s47_l_brbc1a,1.8
s37_p_lrir3p,3.0
s49_p_sgwd8s,2.6
s24_l_brim6a,2.56
s42_p_pbid3n,2.2
s14_l_sbav6p,2.76
s29_p_sgwe3n,2.56
s4_p_lril8p,2.32
s50_l_sbbu9s,2.48
s44_p_prbszn,2.68
s40_l_lgan4n,3.12
s44_l_sbwq7p,3.0
s20_l_lwit1a,2.2
s42_p_pbwl2s,2.16
s20_p_sgae3a,2.12
s9_l_lgbn2p,2.48
s24_p_lwat7p,2.6
s22_p_bgwc7p,2.88
s12_p_bbavza,1.88
s17_p_bbba3s,3.12
s41_l_lgbuzp,2.64
s32_l_bgbj2a,2.68
s40_l_lrig6p,2.76
s3_p_lwih5a,2.24
s54_l_lwbv1p,1.72
s18_l_bbif3a,2.36
s32_p_bbab5n,2.04
s19_l_sgixzs,2.92
s12_p_pgwb2s,2.08
s24_p_sric4n,2.32
s9_p_lgba4s,2.32
s21_l_sbwo8p,3.12
s51_l_sgwr7a,2.92
s54_p_sgwr9a,1.56
s44_l_bgip1s,2.68
s40_l_lrar7a,2.84
s28_p_sgbr3p,2.12
s43_p_lgbh8p,2.6
s51_l_lgwp2s,2.84
s44_l_bgit8s,2.68
s8_p_lbwl9s,2.72
s38_l_bgbc4a,2.4
s11_l_sgih3n,2.24
s49_l_srac5n,2.44
s22_l_lrbs9n,2.68
s10_l_bwbc1s,2.6
s37_l_priy2a,3.32
s2_l_lbis6s,2.6
s3_l_brag2n,2.12
s39_p_pwae1s,2.4
s37_p_bbau1n,2.92
s27_p_prie1a,2.68
s5_l_lgis4a,2.24
s23_p_sbwu9n,2.84
s26_p_pbik4n,2.6
s39_p_bgwp1p,2.36
s10_p_bwwoza,2.52
s40_p_bwac1n,2.84
s35_p_lrws2a,2.4
s53_p_srij2a,2.6
s48_p_swid2a,2.56
s26_l_lrbu6a,2.64
s45_l_lbbl5p,2.8
s27_l_lwan9p,2.84
s2_p_lwaazs,2.56
s34_p_srao4p,3.16
s26_l_lrwrzs,2.52
s32_p_bgbj2a,2.12
s12_p_pgiq7n,1.92
s45_l_pwiq5n,2.92
s3_l_sgwl2p,2.32
s52_p_lrag6p,2.32
s55_p_srio1a,2.72
s20_p_lbbs5a,2.24
s16_l_bria7a,2.88
s5_p_swih9s,2.56
s43_l_swix8n,2.96
s5_l_lgag2a,2.56
s19_p_sgiqza,2.44
s47_p_brbc1a,1.72
s17_p_bbbs8s,2.92
s27_p_pgwazn,2.52
s47_l_lbal8p,2.08
s23_p_pgan2s,2.92
s47_p_pgik5n,1.84
s53_p_sgby3p,2.4
s39_p_lbbf7n,2.6
s27_l_pbbk3s,2.72
s3_l_lgin3a,2.56
s35_p_srij9p,2.24
s10_p_prbm4p,2.68
s11_l_lwbtzn,2.36
s39_l_lwbs5s,2.68
s52_l_bwwi3s_WRONG_#bww13s,3.0
s41_l_lbig2p,2.6
s31_p_lrat2n,2.08
s39_p_pwaszn,2.8
s23_p_sgbq9n,2.68
s4_l_brbj1s,2.56
s37_l_pgbz6s,3.04
s40_l_bwif4a,2.64
s28_l_sgaq4p,2.36
s20_p_bwau9a,2.04
s34_p_pgbn4n,2.72
s2_l_sgib9n,2.72
s39_p_lwaf9s,2.48
s52_l_sbbx8p,2.8
s39_p_lbal4p,2.76
s44_p_prwl4n,2.4
s10_p_swar4p,2.44
s4_p_lgig8p,2.4
s3_p_bgad2s,2.24
s50_l_srbo5p,2.96
s19_p_sgixzs,2.6
s38_p_srwkzs,2.56
s41_l_sgic6n,2.64
s55_l_bwig7p,2.92
s38_l_sbbb3n,2.4
s46_l_lwaa3n,2.84
s13_p_prik2a,2.8
s10_p_sbib5a,2.4
s21_l_swwk1s,2.8
s38_l_bbal9n,2.2
s8_l_sbah7a,3.36
s18_p_bwia8p,2.36
s36_l_lbby3n,2.84
s18_p_pgbn2a,2.44
s31_l_sgap6p,2.88
s35_l_bbim8a,2.8
s42_l_prip3n,2.08
s42_p_lway3p,2.24
s26_l_lgaf9s,2.6
s41_l_pgwh4a,2.76
s15_l_pbaq1a,2.76
s28_p_lbbs8s,2.32
s3_l_bbbu9s,2.24
s39_l_sbih6n,2.72
s12_p_swby8s,2.12
s27_l_pwbszn,3.04
s52_p_lbwt4n,2.4
s33_p_lbik8n,2.24
s10_l_lwaozp,3.2
s26_p_bwah8p,2.6
s23_p_bbwv3p,2.96
s30_l_brwa9s,2.0
s25_l_lgib2n,2.68
s45_p_lbwgzp,2.76
s19_l_bban1p,2.52
s41_p_sgwy9p,2.6
s14_p_pgbg7s,2.32
s29_l_bwbb5s,2.76
s7_l_pganzs,2.52
s25_l_sgak8n,2.64
s3_l_bgwk1a,2.16
s11_p_swbc6a,2.2
s34_l_bwbh2n,2.68
s30_l_lwia8s,2.2
s38_l_bgwd2a,2.24
s3_l_bwbc3n_WRONG_lwia1n,2.28
s43_l_pgit2s,2.96
s27_l_lbwr9p,2.88
s10_p_pbbq3s,2.96
s11_p_swwd1n,2.84
s34_l_pgazza,2.92
s51_p_lwij9n,2.76
s37_l_lgioza,3.36
s27_p_lbit1a,2.48
s19_p_lbwl2s,2.32
s30_p_brao4p,2.0
s33_p_lbagzn,2.36
s42_p_pwbk4p,2.2
s47_l_bbbn9p,2.04
s10_l_pwwh1p,3.04
s55_l_pbaq1p,2.88
s23_p_pbwr6n,2.72
s3_l_bwwb8n_WRONG_prwg3s,2.28
s11_l_lbbk5n,2.8
s5_l_pgaz5n,2.36
s36_l_pbai9a,2.8
s10_p_pbwz2n,2.32
s12_l_brbi3s,2.0
s35_l_lbaa3a,2.6
s36_p_lwbu4n,2.24
s39_p_brbl8s,2.52
s35_l_sbab8p,2.52
s49_p_swwj3n,2.52
s24_p_brbpzn,2.32
s28_l_prirzn,2.36
s40_p_pwwg7s,2.48
s53_p_lbar5n,2.28
s40_l_bbbc2s,2.88
s4_l_sgib1p,2.16
s33_p_bbih4a,2.16
s43_p_bbwn1s,2.6
s40_p_sbap2a,3.0
s55_p_brbv6p,2.72
s40_l_sbap2a,2.76
s53_l_lbiz2a,2.44
s42_p_bgiuzp,2.28
s45_l_lwbh5n,2.84
s30_p_swac9a,2.32
s43_p_pbbc5n,2.68
s43_l_prbe1p,2.8
s30_p_lgab5p,2.16
s36_p_lgbpzn,2.56
s4_p_pgal7a,2.52
s14_l_pwil8s,2.32
s15_l_bbab6a,2.76
s43_p_sgbd6s,2.84
s2_p_sgaz1a,2.28
s40_l_lgbi7p,3.0
s3_p_lgin3a,2.6
s6_p_lgwh6p,2.32
s5_p_sbap3p,2.28
s44_l_lrbm5a,2.64
s50_l_pgie2s,2.88
s29_p_lgin2s,2.72
s16_p_bria7a,2.68
s49_l_pbir2n,2.8
s15_l_prbk9s,2.8
s26_l_pwwazp,2.6
s36_p_lbas2n,2.36
s30_l_sgwl6s,2.88
s17_l_srib6a,3.0
s27_p_srii4a,2.56
s47_p_sbbp3p,2.2
s49_p_pgay7s,3.12
s20_p_pbwd6p,2.4
s31_p_swbp7s,2.64
s38_p_pgbg1s,2.28
s19_l_pwaf3a,2.88
s36_p_brit8p,2.48
s32_p_bwaf5n,2.32
s38_p_bwap3n,2.16
s49_p_sbib6s,2.8
s22_l_srwq3p,2.8
s47_l_bwwy2a,2.0
s35_l_bwio7a,2.48
s47_p_lbal8p,1.8
s13_p_sgij8a,3.04
s35_l_lgat3a,2.56
s6_l_bwib4p,2.32
s11_p_pwwf9s,2.28
s52_l_lwbozp,3.68
s10_p_bbay5n,2.84
s8_p_lrbs8s,3.08
s46_p_sgax5n,2.6
s52_l_brauzn,2.96
s18_p_pbij8a,2.28
s4_p_lgas8n,2.56
s47_l_sgwd9p,2.24
s47_l_sgix4a,2.0
s40_l_lgam9p,2.76
s13_p_bgau9n,2.64
s29_l_bbaz8n,2.76
s22_p_pbax3n,3.0
s24_l_pgwn7p,2.68
s47_p_bgap7s,1.96
s55_p_pbwj8a,2.6
s9_l_lrbs8s,2.64
s25_l_sbig5n,3.04
s20_l_sgae3a,2.28
s18_p_bram8s,2.28
s16_l_lbbg9s,2.76
s37_p_sbbv2n_WRONG_pbbv2n,2.84
s34_l_pgag4s,2.6
s34_p_pgam6n,2.36
s32_l_bwau3a,2.52
s25_p_pgwn7p,2.68
s13_l_lbbf7p_WRONG_pbip1p,2.88
s13_l_swwz5n,3.08
s33_p_srwr4a,2.4
s4_p_lwah7a,1.96
s8_l_lgba4s,3.16
s33_p_pgwz3n,2.4
s2_p_prbf6a,2.64
s9_p_sbwx2a,2.28
s30_l_brwp1n,1.88
s12_l_bwwo4s,2.0
s40_p_lrar7a,2.4
s36_l_pgik6s,2.92
s6_l_swiv3a,2.76
s50_p_pgiq4n,2.2
s38_l_pgbr8a,2.44
s35_l_sriv4a,2.44
s9_l_sgwf5p,2.72
s27_l_sgaj4p,2.76
s14_p_sgwe5n,2.28
s29_p_lris1a,2.0
s43_l_lwwi5p,2.92
s43_p_brbp7a,2.56
s41_l_brwd1a,2.52
s39_l_pbiezn,2.64
s12_l_srwk8a,2.16
s27_l_lbwm3p,2.88
s7_l_lgwb4a,2.24
s18_l_brwh5n,2.28
s35_l_pwiy1s,2.68
s8_p_swak3a,2.92
s17_l_lwbo1s,3.12
s40_p_pwae3n,3.12
s16_l_lras6p,2.96
s44_l_sgwz9a,2.76
s25_l_pbip5s,2.88
s16_l_pbwl2n,2.84
s30_l_lbwg1p,2.36
s51_p_bgav1a,2.8
s33_p_praf5n,2.24
s31_p_swadzp,2.64
s41_p_bbbu5n,2.36
s10_l_bwbi7s,2.68
s41_l_prib5p,2.88
s39_l_lriz6s,2.6
s40_p_lbws7p,2.56
s10_l_sgiv8p,2.92
s13_p_brwxzs,2.76
s31_p_lbiy9s,2.64
s41_l_srbd1s,2.76
s46_p_bwbd3p,2.28
s55_p_pbwe9p,2.92
s2_l_pbbe7p,2.84
s39_l_swbq7a,2.64
s31_l_brif9n,2.6
s29_p_prwf8n,2.16
s9_l_pwix5s,2.76
s51_p_sgax1a,2.76
s14_l_brab4s,2.4
s27_l_pgae8a,2.44
s55_p_prafzn,2.88
s40_p_lwim1n,2.48
s27_p_srwq8s,2.48
s38_l_pbix9n,2.4
s50_l_brbv2s,2.76
s7_p_brih2p,1.92
s54_l_pgbe6n,1.72
s4_p_lgbn4p,2.12
s44_p_lrbm5a,2.6
s36_l_lbwz7p,2.6
s11_l_sgbp9p,2.8
s46_p_bbagza,2.92
s44_l_brao6a,2.48
s50_p_prwr1a,2.08
s29_p_lrwa9p,2.4
s3_p_sgbj4a,2.28
s54_l_pwil4s,1.84
s19_p_brat3n,2.52
s45_p_lwbg7a,2.64
s16_p_bbam1a,2.68
s23_p_swbr5n,2.8
s45_l_bgwd3p,2.52
s11_l_lgia1n,2.64
s38_p_pwio7n,2.16
s20_p_sgaqzp,2.4
s23_l_bbis5s,2.92
s11_l_bgia7s,2.64
s48_l_pgil4n,2.84
s36_p_lwal4n,2.6
s48_p_brwt8p,2.96
s10_l_lgwz8a,2.8
s39_p_pgbg2a,2.52
s35_l_sbio9a,2.56
s7_l_pbad8p,2.56
s35_p_bbim8a,2.52
s21_p_pgat5n,2.56
s26_p_sgiv3n,2.44
s5_l_pwwy6p,2.88
s3_l_lwwb6s,2.24
s12_l_bwat9s,2.08
s42_p_pwij6s,2.12
s16_l_pgwf8a,2.8
s50_l_pbwz1p,2.6
s43_l_prwy5n,3.0
s51_p_swbe6p,3.16
s10_p_bbbg9p,2.4
s26_l_pwak6p,2.8
s21_l_pwwk9n,2.68
s36_l_lbas2n,2.72
s36_p_bbat1p,2.32
s49_p_pwbz1n,2.48
s30_p_lgibzp,2.36
s37_l_bbau1n,2.92
s43_l_bbwn1s,2.96
s4_l_lgas8n,2.0
s42_l_lgia9n,2.04
s25_p_pbbl3p,2.48
s18_p_srbv3n,2.52
s18_p_pwbd9s,2.48
s55_p_lwit4n,2.64
s34_p_lgba6p,2.44
s25_p_lbad9n,2.28
s54_p_bgbpzp,1.88
s14_l_pbbx8n,2.56
s50_p_lwbm3s,2.24
s14_p_priq7p,2.08
s45_l_prbf1p,2.64
s37_l_pgilza,3.32
s13_l_lbbr2n_WRONG_#(error),4.16
s11_l_pwwf9s,2.32
s31_l_pwiq9p,2.92
s31_l_lbiy9s,2.96
s40_l_prbe8a,2.84
s18_l_brii1p,2.44
s38_p_lrbn7a,2.36
s47_l_sgik4s,1.96
s30_l_pbwr5s,2.68
s37_l_lwih2n,3.2
s34_l_srao4p,2.72
s38_l_sgwq6s,2.48
s52_p_brwp3s,2.88
s29_p_sbbc3s,2.8
s25_l_lgwx1p,3.08
s8_p_swws4a,3.16
s50_l_bbba6s,2.68
s29_l_srap9a,2.76
s44_l_lrar5p,2.88
s18_p_pbap7s,2.44
s32_l_lrim7p,2.48
s16_p_lrbnza,2.88
s30_l_bwbx1s,2.16
s14_p_bwwb5n,2.08
s4_l_pwwe5n,2.24
s23_p_bwat7a,2.96
s9_l_lbwg1a,2.4
s42_p_lwab1s,2.0
s14_p_bbih1s,2.08
s30_p_brwa9s,1.96
s47_p_pwiz9p,2.2
s7_p_lwal6n,2.12
s53_l_brih1a,2.32
s43_p_sbam3n,2.88
s15_l_lwau4a,2.56
s53_p_lwis5p,2.56
s2_l_pwif2n,2.92
s12_l_brau1n,1.68
s38_p_sbai4a,2.08
s31_l_lrat2n,2.56
s45_l_brif8p,2.64
s17_p_lrbn5s,2.96
s43_p_prae8s,2.52
s44_l_pgie6s,2.64
s38_l_sgiy1p,2.68
s48_l_srip8s,3.12
s50_p_pwbm3n,2.2
s11_p_prbl5n,2.48
s4_l_pwwk6n,2.16
s28_l_lbigzn,2.2
s55_l_brbv6p,2.64
s26_l_lrim1a,2.48
s42_p_brwh2s,2.08
s53_p_bbao7a_WRONG_#bba07a,2.68
s22_p_pwaz8s,3.04
s25_l_sbwi8a,2.76
s14_l_lwbg6n,2.56
s37_l_bwbu4n,2.96
s21_p_swij8a,2.4
s4_p_prijza,2.4
s46_l_lbby6p,3.2
s18_p_brii1p,2.16
s4_p_pbik5n,2.24
s40_p_prbe8a,2.48
s10_p_sravzp,2.24
s3_p_lwwu7p,2.36
s33_l_pric8s,2.4
s32_p_lbbx5p,2.28
s20_p_sgik2p,2.32
s24_p_sgaq6n,2.28
s9_p_lwam7s,2.68
s45_p_bgbv2p,2.52
s12_l_sgax6s,2.28
s33_p_lgwu9s,2.36
s11_l_brwv1s,2.56
s18_l_pgat4n,2.56
s54_p_lgah9s,1.72
s15_p_prby9n,2.52
s22_l_lwia5a,2.88
s42_l_bwac7a,2.28
s42_l_sriu2a,1.84
s13_l_lgwo9az_WRONG_lgwo9a,2.64
s13_p_swwz5n,2.88
s21_l_sbwx4n,2.6
s44_p_brbg7n,2.4
s42_l_bgiuzp,2.2
s44_l_lbay9n,2.8
s17_p_sbwi6n,3.0
s46_l_pgar6n,2.6
s23_l_lgwo6n,2.92
s3_p_bbbu9s,2.08
s22_p_sgbe5s,2.44
s34_l_pgam6n,2.56
s12_l_sgwd7p,2.44
s25_l_sgav7s,2.92
s51_p_lgwp2s,2.76
s15_l_bgwd6n,2.64
s29_l_pbak1n,2.88
s46_p_sbap4a,2.44
s34_l_lbbt1n,2.56
s21_l_pwar6s,2.84
s2_p_pbbe7p,2.64
s23_p_lril3a,2.88
s45_l_sbbd5a,2.92
s17_p_brim3n,2.96
s17_p_bgwd5a,3.08
s10_p_prax4n,2.4
s49_l_bgax4n,2.72
s55_p_pgam3n,2.84
s44_l_prbszn,2.96
s45_l_sgwk3a,2.6
s52_p_lwbozp,2.84
s22_l_brbp3s,2.52
s28_p_bwwa2a,2.16
s20_p_pgwu6a,2.12
s3_l_lgat3n,2.32
s20_l_bwau9a,2.12
s20_p_prie7p,2.2
s20_l_lgbb8s,2.32
s22_l_sgilzs,2.96
s51_p_pwby9a,2.8
s45_p_srbp8p,3.0
s6_l_sgak7s,2.52
s47_p_sbiu3n,1.92
s10_l_pbbq3s,2.8
s6_l_lwiz4s_WRONG_#lwi(zee)4s,2.6
s30_p_bgbc2s,2.0
s15_p_bwwd6p,2.2
s28_p_swix1s,2.04
s15_p_lbaf8s,2.36
s38_l_bwwkza,2.52
s48_l_bbwt5n,2.68
s13_l_bbbm6s_WRONG_bbbn6s,2.68
s53_l_prik9p,2.64
s52_p_lgbm5p,2.6
s43_l_bbif3n,2.76
s27_p_sgbl7n,2.44
s14_p_bwbi2a,2.2
s32_p_prar6n,2.08
s3_p_srwv5p,2.28
s39_l_brwv9p,2.52
s19_p_pwaf3a,2.52
s26_p_bgwy1p,2.4
s39_l_brai6p,2.92
s8_l_lrbs8s,3.16
s23_l_braa3s,2.8
s9_p_bbwv5s,2.44
s51_l_bgwx9s,2.88
s34_l_bgicza,2.64
s12_p_sbwd1a,1.88
s36_p_sban8p,2.48
s46_l_sgbk4s,2.96
s24_p_srbdzp,2.6
s49_l_sric9a,2.76
s43_p_bgia5s,2.6
s50_p_lgbazn,2.92
s19_l_lrae8n,2.56
s18_p_swav9a,2.32
s6_p_sgar4n,2.56
s9_p_pgie1a,2.88
s26_l_bwah8p,2.56
s47_l_pbwc2a,1.92
s32_l_lrwu2a,2.24
s3_p_lgia9a,2.08
s36_l_lwas6p,2.8
s16_p_sbwd4p,2.68
s8_p_swwq2s,3.72
s9_p_pwbp7p,2.52
s25_p_pbbl6p,2.4
s52_l_bwad1a,2.88
s20_p_pway2p,2.24
s25_l_sric4n,2.64
s13_l_lgwj1p,3.04
s28_p_bgbd6s,2.08
s10_p_pgil3n,2.32
s40_l_pgiyzp,3.08
s45_p_pbiq6s,2.68
s21_l_bria9p,2.68
s27_p_lwwm9a,2.36
s25_p_sbwi8a,2.28
s2_l_pway3a,2.36
s32_l_lrwn1a,2.08
s28_p_lrbn8s,2.2
s28_p_prwy5a,2.04
s6_l_bwwj1n,2.16
s47_p_sgik4s,1.92
s15_p_pbay2a,2.52
s27_l_lgig3s,2.6
s5_p_bwbu2s,2.16
s7_l_swbe1p,2.28
s34_p_lriy3n,2.32
s8_l_bgbd1n,3.36
s52_l_bwwh4s,2.92
s41_l_lgwb7s,2.68
s17_p_srwv6s,2.92
s7_p_pbiczs_WRONG_pbiczn,2.28
s29_p_sgby6n,2.84
s30_p_lwia8s_WRONG_lwaa8s,1.92
s38_p_pwbs8n,2.28
s2_l_prik1a,2.68
s15_l_lwwh3p,2.76
s24_p_pwwk9a,2.28
s11_p_lrbz8p,2.56
s14_l_pgal7n,2.2
s15_p_brio8a,2.6
s27_l_lbbz6s,2.6
s22_p_bgbn2a,2.56
s42_p_pgwn9s,2.48
s25_l_pwis2p,2.96
s50_l_bwit1s,2.48
s18_l_sgwl2n,2.44
s50_l_swiczp,3.2
s30_p_brwp1n,1.84
s53_p_pbaezp,2.28
s31_p_sbai5s,2.56
s26_p_swiy3s,2.44
s52_p_bgbq4p,2.28
s32_p_lbwl5s,2.36
s16_p_bwwu6n,2.4
s49_p_sbwqzp,2.64
s16_l_lgaizs,3.04
s44_l_sric7s,2.6
s25_l_pwbm6a,2.92
s38_l_lrwz9a,2.52
s46_p_pgar6n,2.56
s19_p_brat2a,2.56
s47_l_bban7p,2.08
s32_p_pgir7a,2.16
s6_l_lwia1p,2.28
s9_p_swak3a,2.4
s44_l_bbbb3a,2.8
s54_p_lwbv1p,1.64
s21_l_bgbv1p,2.56
s42_l_swii2a,2.04
s47_p_pbwj8s,1.8
s40_p_lgih8n,2.4
s2_l_lwaq8s,3.0
s12_p_lgat6s,1.8
s54_l_lwwo5s,1.76
s39_p_pbiv1p,2.6
s2_p_lgwbzp,2.44
s41_l_pwbs8p,2.6
s23_l_bbal9p,3.08
s52_p_lrig3s,2.36
s26_l_pgas7n,2.84
s6_l_pbie3a,2.28
s17_l_lwwc1s,3.2
s54_p_lbis1p,1.64
s5_p_lwbn3a,2.2
s53_l_swid4s,2.52
s43_l_lgwg5n,3.0
s17_l_lbay1n,3.44
s13_p_lwig9p,2.84
s16_l_praz5n,3.24
s47_l_bwbj5s,2.12
s30_l_swac9a,2.2
s48_p_lrbg1s,2.72
s37_l_bwwd7s,3.0
s11_p_sran1p,2.4
s38_l_swwx7n,2.4
s35_p_pwiy1s,2.4
s40_l_lwaa2p,2.76
s41_l_pwwz8a,2.64
s22_p_bbwt7p,2.64
s22_l_pbax3n,2.84
s12_p_lrag5a,1.88
s7_l_bgbi4s,2.4
s29_p_lrwl9n,2.44
s40_p_srai7a,2.56
s35_l_lgig4n,2.92
s26_l_prwe8s,2.44
s7_l_prws7n,2.28
s9_p_bria4s,2.48
s24_p_lriz2p,2.64
s15_l_lbaf8s,2.56
s2_l_bgih4s,2.84
s22_l_sgwj8n,2.68
s42_l_pbid3n,2.08
s5_p_pgaz5n,2.16
s44_l_prwl4n,2.8
s43_p_swix8n,2.6
s9_l_lgao2s,2.72
s10_l_lwaa3p,3.32
s17_l_swih9p,3.04
s23_p_pbwd1p,2.68
s12_p_brau1n,1.76
s40_l_swbd8n,2.72
s14_l_pwwm5s,2.68
s14_p_lwbg6n,2.52
s23_l_pbwr6n,2.92
s31_p_pwbf8n,2.28
s34_l_bbibzs,2.68
s33_l_lgao1n,2.48
s35_p_prbl2n,2.6
s3_l_prwg3s,2.28
s50_p_lwal7n,2.12
s46_l_lgwo1p,3.68
s25_l_lwaz4a,2.88
s36_p_prbk5a,2.68
s30_p_pgam3s,2.08
s19_p_prir6p,2.32
s34_p_sbaj8p,2.44
s20_l_bwao4s,2.28
s16_l_priy3p,2.88
s2_p_sban9a,2.8
s55_l_sbwx8s,2.72
s3_p_lbie5s,2.16
s49_p_lwwi5s,2.76
s23_l_bwat7a,2.96
s29_l_pgag2a,2.84
s11_l_sbbu5a,2.56
s14_p_lgwoza,2.16
s18_p_swbeza,2.52
s16_l_lbik5n,2.68
s5_p_lwir7p,2.32
s18_l_prwm1a,2.2
s44_l_swbj8n,2.96
s48_p_pgbl1p,2.8
s36_p_bgiv6n,2.56
s9_p_bgbd1n,2.4
s50_p_prid8n,2.2
s6_p_lgat8a,2.4
s40_p_brit4s,2.64
s34_p_lbae5p,2.44
s38_l_bwah6a,2.28
s14_l_bbih1s,2.48
s24_l_lbws4p,2.32
s42_p_pwbz3n,1.96
s42_p_srwk8p,1.88
s48_l_pbiv3p,2.84
s26_l_brbc1s,2.56
s13_l_bgan6s_WRONG_bwic1a,2.8
s2_p_lbis5p,2.68
s6_p_lwiz4s_WRONG_#lwi(zee)4s,2.44
s21_p_pbad2a,2.64
s24_p_sraa2s,2.36
s30_l_lriy5p,2.44
s55_l_lraf5p,2.72
s7_p_bgap9p,2.16
s28_p_sraj6n,2.16
s37_p_brbb4s,2.68
s16_p_pwwy9n,2.68
s13_p_bbwn8n,3.2
s49_p_pbblzn,2.68
s12_p_pwbg2s,2.08
s12_p_sbax1a,1.92
s32_l_pgwz2s,2.68
s16_l_bbiszs,3.08
s47_l_pwiz9p,2.28
s46_l_swic1p,2.96
s34_p_pbac4s,2.56
s48_l_bwwu5s,3.0
s19_p_sbij1s,2.32
s9_p_sgwf5p,2.28
s54_l_pwbk4a,1.76
s41_p_srix8a,2.44
s47_l_lrie6n,1.8
s20_l_lbaz9p,2.52
s14_p_lbwz4a,2.16
s31_p_pgwh6p,2.48
s32_l_swio4s,2.48
s31_p_srai4a,2.24
s3_l_pbbz1n,2.04
s30_l_sbaj6a,2.2
s23_l_pbix7p,3.2
s49_p_lwbg4a,2.56
s11_p_lwbb8s,2.2
s45_p_sgaj8a,2.68
s44_p_swbj8n,2.6
s42_l_lbwm5n,1.96
s12_l_swac6p,2.16
s16_l_pgir1s,2.96
s35_p_lgat3a,2.84
s19_p_srivzs,2.96
s11_p_bbbg8p,2.28
s34_p_bgaqzs,2.6
s37_p_sbwj2a,3.2
s12_l_sbax1a,2.0
s32_p_lrit7p,2.36
s41_l_pbii3p,2.56
s15_p_pwas1p,2.36
s41_l_srivzp,2.56
s37_p_sgwx9a,3.4
s22_p_pbwd4p,2.56
s9_l_sbwv3a,2.76
s22_l_lrie5p,2.72
s21_p_bgai6n,3.08
s6_p_srip5n,2.2
s21_p_pwwk9n,2.56
s17_l_bwaa9n,3.32
s47_l_lrif6n,1.84
s17_l_sgaj4a,3.16
s30_l_prap8n,2.16
s34_p_swwd8p,2.28
s49_l_sgblzp,3.12
s31_p_brif9n,2.44
s12_l_bbbo1p,2.16
s48_p_pgan3p,2.84
s19_l_pbay6p,2.8
s12_l_pwbg2s,2.04
s23_p_lrihza,2.76
s26_p_prbe6s,2.6
s23_l_brwozs,3.72
s14_l_sgwy3n,2.4
s15_p_sgij4n,2.32
s36_p_lbil2s,2.52
s6_p_brbb1p,2.12
s36_l_lwwoza,2.6
s47_l_pwie1s,1.92
s9_l_brbn1p,2.4
s31_l_brbc7n,2.52
s52_p_lwwa7a,2.44
s21_p_pbbszn,2.76
s46_p_prae6p,2.6
s31_l_bgaq1a,2.36
s30_l_sgwe3a,2.16
s52_l_sgac6s,3.16
s15_p_pbaq1a,2.36
s29_p_sbbd6a,2.36
s28_p_pgba2a,2.2
s27_l_srbx2p,2.8
s34_l_lbae5p,2.88
s11_l_srwp9s,2.52
s48_p_srbxzs,2.92
s44_l_pbwl9a,2.92
s4_l_lgbt1n,2.28
s15_l_bwwd6p,2.96
s42_l_lway3p,2.48
s34_p_pbie5s,2.36
s22_p_srwq3p,2.72
s48_l_srwc8a,2.88
s55_l_prar4p,2.72
s44_l_sbaa9a_WRONG_sbwa9a,2.56
s39_p_pbbd8p,2.56
s24_l_bwin3n,2.8
s22_p_lram4p,3.12
s27_p_lril6a,2.36
s24_p_pwis2p,2.52
s8_p_swby2s,3.0
s50_p_bgis7p,2.04
s26_p_lwis7s,2.56
s24_l_prby1p,2.64
s48_l_lbar2a,2.84
s5_l_bbib5p,2.44
s33_l_pbwr3p,2.68
s40_p_bgix3p,2.64
s19_p_bbbb8p,2.88
s19_l_prbj7p,2.6
s28_p_bgwp7p,2.28
s4_p_pwwe5n,2.12
s7_p_pgbn2p,2.24
s36_p_braa9a,2.36
s45_p_sgwk3a,2.68
s36_p_srwq9a,2.36
s3_p_pwbk7a,2.32
s2_l_lbis5p,2.76
s4_l_bris6a,2.88
s42_l_lwbg6a,2.24
s24_l_sgaq6n,2.52
s16_l_pwbg3p,2.92
s6_p_sgak7s,2.36
s41_p_prwl9p,2.2
s30_l_bwih1p,2.32
s2_p_swiq6p,2.84
s21_p_lbaz5a,2.44
s31_p_sbbv6s,2.48
s12_l_pgwn2p,2.12
s4_p_lwaf7a,2.0
s43_l_sriu2n,2.64
s21_l_sriq2p,3.08
s45_p_lwbh5n,2.6
s48_l_srbxzs,3.28
s48_l_pwbr8s,3.0
s55_p_bgwb9p,2.88
s32_p_pbwl8p,2.2
s45_p_lbae1n,2.4
s34_l_bwap2a,2.52
s47_p_pgwm3s,1.88
s4_l_pbik5n,2.2
s51_l_bbbg5s,3.08
s48_p_lwbu5p,2.92
s49_p_pgat3a,2.6
s18_p_bbwg6n,2.52
s32_l_brwczp,2.6
s3_p_praq5n,2.24
s22_l_bwwk2p,2.8
s55_l_pbbl2a,3.0
s43_p_bbbn6a,2.68
s50_l_lgwn6p,2.84
s2_p_pwik7s,2.64
s53_l_pgbm7s,2.6
s33_l_lgaa6n,2.48
s48_l_bgap1a,2.64
s5_l_bgwa8a,2.64
s21_p_prib3n,2.4
s42_l_bwwx8p,2.2
s32_l_pwwn1n,2.32
s38_p_brit1n,2.12
s13_p_lbbf7p,2.84
s11_p_lrwg9p,2.2
s44_p_pbaj7p,2.56
s11_p_lwbtzn,2.36
s46_p_lbby6p,2.44
s48_p_lrwo1p,2.92
s31_l_bbin3s,2.68
s37_l_praezp,3.32
s53_p_bgbv3s,2.36
s27_p_brbu8p,2.4
s37_p_lbwn5a,2.92
s50_p_lwwg4p,2.24
s40_l_pwwg7s,2.76
s28_p_bgac1p,2.04
s6_p_sric4a,2.4
s29_l_pbix6s,2.84
s38_p_bgbc4a,2.28
s12_l_lbas9a,1.96
s6_p_bwwj1n,2.24
s2_l_sban9a,3.0
s16_l_lrbnzs,3.04
s16_p_bwbc7n,2.6
s39_l_bgwp1p,2.6
s44_p_lgit4s,2.4
s2_p_bbim3a,2.64
s5_p_pgblzp,2.36
s52_l_lbimzn,2.76
s43_l_pgal4n,2.88
s7_l_swwk1n,2.2
s55_l_pwwz4s,2.8
s8_p_prwz6a,3.04
s55_p_bwwi3a,2.92
s37_l_swap1s,3.04
s44_l_bgwr2a,2.6
s37_p_pbix8n,3.04
s32_p_sraeza,2.16
s30_p_brbn4s,2.12
s55_l_braa8a,2.64
s22_p_bbwo6s,2.52
s33_p_bgbi6n,2.48
s55_p_pwae2a,2.64
s33_l_brbb1s,2.48
s36_p_bwbj4p,2.64
s17_p_swbxzp,3.24
s19_p_prwg5p,2.56
s25_l_lbws4p,3.08
s55_l_lgbg3n_WRONG_lgwg3n,3.12
s31_l_pgwa5p,2.88
s20_p_bgic6s,2.08
s2_p_bgwe1a,2.84
s46_l_sgbszs,2.76
s27_l_srii4a,2.56
s3_p_bbam2p,2.36
s31_p_sgap6p,2.4
s11_l_lwbz6n,2.56
s33_p_brbb1s,2.36
s22_p_bgibza,2.88
s26_l_srwx2s,2.76
s26_p_sbio3s,2.36
s18_l_bran1p,2.32
s2_l_bgwv9n,3.0
s43_l_brbb2n,2.92
s6_l_sbia7n,2.48
s51_l_pbbq2p,3.4
s2_l_brbi2s,2.68
s51_p_brwm4a,2.68
s48_l_bwwv7s,2.76
s4_p_lgbu4p,2.24
s33_p_lrin4a,2.2
s12_l_lbiz8s,2.08
s29_p_bgah4a,2.04
s17_p_lras8n,2.52
s43_p_brbb2n,2.64
s51_p_lbie9s,2.64
s20_l_lgigza,2.4
s29_p_pbbj3n,2.36
s27_p_pgwb1s,2.36
s31_p_sgbk5n,2.52
s14_l_bbiz6p,2.36
s20_l_lrit2n,2.32
s23_p_pbix7p,3.12
s48_p_sgic8a,2.88
s37_l_lgwt7a,3.28
s51_l_lwij9n,3.04
s4_p_lgbt1n,2.08
s6_l_bbwo7s,2.52
s29_l_pwar5n,2.8
s46_l_sgidza,2.84
s47_l_brib9n,1.76
s37_p_lbam3s,3.08
s16_l_bbam1a,2.88
s45_l_pgal4a,2.84
s11_p_bbin9p,2.32
s6_l_lwbs3n,2.36
s29_p_sgiqzp,2.8
s21_l_lrbl7s,2.68
s46_l_pbwr8n,2.44
s54_p_pwbk4a,1.72
s6_l_pbak2p,2.48
s24_l_swby1a,2.56
s17_l_swwr9n,3.16
s15_p_swap2a,2.52
s7_p_pbad8p,2.16
s20_p_lbaz9p,2.24
s54_l_brwa5s,1.8
s32_l_pgit1n,2.4
s5_l_prwk1p,2.72
s34_l_bgaqzs,2.76
s43_l_pwak8p,2.92
s15_p_lbim5p,2.64
s27_p_pgae8a,2.36
s24_l_pbbl6p,2.76
s25_l_pwwk9a,3.0
s34_p_swbr3n,2.52
s54_l_brin7s,1.68
s11_p_lbiy7n,2.76
s37_l_lrir3p,3.08
s42_p_bgav6a,2.04
s13_p_lgab1a,2.64
s7_l_lraf7s,2.28
s33_p_sgbl4a,2.16
s47_l_bgwa5n,1.84
s46_p_pras2n,2.36
s20_p_brba3p,2.16
s21_l_lgwp4s,2.56
s49_p_sbbo6a,2.64
s4_l_bbwt4s,2.04
s19_p_pgay5n,2.6
s20_p_lgbb8s,2.16
s38_p_bgwd2a,2.16
s41_p_lrar3p,2.6
s48_p_brbo1s,2.6
s40_l_pbaq9n,2.88
s34_l_pwif4n,2.72
s32_l_lwbh6a,2.44
s32_l_swik8a,2.44
s18_l_bgib7p,2.52
s7_l_lgau5a,2.12
s43_p_lbiq7a,2.64
s18_l_lwbo3p,2.64
s18_l_swbeza,2.8
s31_l_prwz1p,2.88
s23_l_bwah3p,3.12
s41_l_pwix2s,2.68
s23_p_lgbt6s,2.68
s26_p_prwe8s,2.4
s22_l_bgbqza,2.96
s28_l_lbil2p,2.36
s18_l_brbb5s_WRONG_#brbb5s(distorted),2.12
s47_p_bgwa5n,1.84
s45_l_srbp8p,2.8
s55_l_pgwm6p,3.04
s13_p_lrif7s,2.6
s9_l_srijza,2.56
s44_p_sgwq3a,2.44
s15_p_lrwt3s,2.36
s30_l_brao4p,2.08
s18_p_sbbi6s,2.32
s40_l_swwr6n,2.92
s40_p_lgan4n,2.6
s41_l_swaj2a,2.6
s24_l_swbe5n,2.36
s30_l_bbbm4a,2.16
s42_l_sgae5n,2.24
s25_p_lgib2n,2.32
s35_p_srak1s,2.44
s35_l_bwag7s,2.48
s12_l_sbwd1a,2.16
s8_l_swak3a,3.32
s14_l_pbwc1p,2.28
s2_p_lbba5a,2.76
s27_p_srbv8n,2.68
s15_p_sbwqzs,3.04
s19_p_srwq3s,2.76
s54_l_srap7a,1.8
s18_p_lwwu9p,2.32
s20_p_pbax8a,2.16
s2_p_lbis6s,2.6
s20_l_sgaqzp,2.8
s2_p_bwio8a,2.76
s43_l_lbbz9s,3.08
s18_p_brwh5n,2.32
s51_l_bbbtzn,2.88
s53_l_bbbt4p,2.52
s34_p_pwbl6n,2.56
s55_l_pbin5n,2.92
s18_l_lwwu9p,2.56
s15_l_prby9n,2.68
s37_l_sbwj2a,3.32
s22_l_pbwd4p,2.96
s32_p_sbic6p,2.08
s42_p_prie6p,2.04
s54_p_bwwc2s,1.6
s7_l_lrbs5s,2.64
s41_p_sgic6n,2.76
s29_p_lwwn2p,2.56
s39_p_lriz6s,2.56
s3_p_pwis1a,1.92
s35_l_brau6s,2.48
s16_p_pwwm2s,2.64
s30_l_lbwzzp,2.56
s18_p_bwau7a,2.28
s16_p_srac5p,2.76
s16_l_bwwu6n,2.68
s45_l_lwam8p,2.6
s31_p_sbwc4p,2.48
s53_p_bwap7s,2.32
s12_p_lbbs9a,1.88
s44_l_lwbf6n,2.76
s44_p_bbaa5s,2.4
s11_p_sgwf2n,2.2
s47_l_lgih2p,2.16
s34_p_bris7s,2.24
s40_p_lrig6p,2.88
s49_l_pbby9a,2.72
s38_l_pwio7n,2.44
s46_l_srix4p,2.96
s14_p_pwatzs,2.28
s17_p_lwwc1s,3.0
s51_p_prar8n,2.44
s11_l_pgbl7p,2.92
s2_p_praj6s,2.64
s7_p_lrie5s,2.0
s48_l_swid2a,3.0
s15_l_sbiiza,3.0
s43_p_pwbq7n,2.6
s37_l_lras7n,3.2
s4_p_bwwc7a,2.36
s2_l_lwaazs,2.72
s41_l_lwanza,2.68
s37_p_bgic1a,2.92
s43_p_pwba4a,2.4
s28_p_brat2n,1.92
s4_l_sgaqzn,2.36
s55_l_prafzn,2.96
s25_l_prby1p,2.96
s16_p_pbwl2n,2.6
s39_p_prwrzn,2.68
s52_p_pralzn,2.96
s47_p_lbbl4s,1.76
s14_l_prak9n,2.24
s32_l_pgir7a,2.6
s17_l_bgipzs,3.6
s7_p_pwwt2a,2.2
s52_l_lrir6p,2.68
s10_l_sbbh6a,2.8
s5_l_lwir7p,2.52
s53_l_sgid8a,2.4
s23_l_lgbt6s,3.0
s53_l_pwwl5a,2.6
s53_l_brig3p,2.44
s49_l_swbk3n,2.88
s34_p_lwbg1n,2.44
s20_p_pwbm5p,2.32
s30_l_pbbk7s,2.2
s22_p_lwia5a,2.64
s10_p_pgae7s,2.6
s31_l_bwwozp,2.92
s44_p_bgwr2a,2.44
s49_p_pwid2s,3.16
s23_l_pgigzp,3.16
s14_l_lrwi1p,2.4
s42_l_srajzs,2.28
s31_p_lwbu9s,2.64
s19_l_lgil9n,2.88
s24_p_sgiqzs,2.64
s9_p_pbwk7n,2.56
s39_l_bgib9n,2.6
s19_p_pgbgzp,2.76
s12_p_bwat9s,1.88
s32_p_pbay4n,2.16
s47_l_bgbd3p,2.0
s55_l_srbd9p,3.04
s21_p_bria9p,2.68
s43_l_pwic1p,2.88
s52_p_brauzn,2.8
s4_l_prid2n,2.16
s22_l_prbr5a,2.76
s33_l_sgwq2s,2.84
s16_l_pbae1a,2.92
s47_l_brat1s,1.76
s16_p_priy3p,2.8
s4_l_pwwz9p,2.28
s2_l_pwik7s,2.68
s24_p_pgar5a,2.56
s32_l_bbwm8p,2.44
s7_p_swbe1p,2.04
s48_p_bbwt5n,2.64
s43_p_lbbz9s,2.68
s32_l_bgib6n,2.48
s41_l_swbv5n,2.44
s3_p_pbbz1n,2.24
s30_p_lbwg1p,2.24
s30_l_lbig4a,2.08
s16_p_bbba2p,2.72
s41_p_pwap4a,2.28
s51_l_srii6n,3.0
s55_l_pbwe9p,2.72
s22_p_pbwb9n,2.4
s9_l_swak3a,2.56
s22_l_lwbm7a,2.76
s39_l_pbix2s,2.6
s43_l_sraj8n,3.16
s5_l_pgbg8a,2.72
s5_l_sbap3p,2.6
s35_p_pbid3s,2.36
s48_l_lbbe9p,3.0
s37_l_lgbi8p,3.12
s2_p_prax9s,3.12
s47_p_brib9n,1.6
s8_p_bbwv5s,3.04
s25_p_bwin3n,2.24
s50_p_srby6a,2.36
s40_l_pwif5s,2.88
s9_p_pwwt6a,2.68
s24_p_pwbm6a,2.64
s5_l_brit9p,2.36
s35_l_swwzza,2.92
s35_l_srij9p,2.52
s13_l_pwiszs,3.16
s32_p_brwczp,2.44
s17_l_swij1n,3.36
s50_l_lwal7n,2.36
s50_p_pbad9a,1.96
s20_l_pbax8a,2.4
s35_p_brau6s,2.36
s48_p_bwbh4n,2.56
s26_p_pwwazp,2.52
s54_l_lbbl6n,1.84
s37_l_lrwazp,3.12
s16_p_lbaf3a,2.96
s32_l_lrit7p,2.52
s44_l_lbae3a,2.52
s48_p_bgakzp,2.68
s31_p_bgiv1n,2.32
s47_p_bban7p,2.08
s53_l_lram3s,2.32
s17_l_bwbuzn,3.12
s3_p_pgaz9a,2.24
s29_l_lgin2s,2.84
s47_l_bbbu1s,1.84
s36_p_srio6n,2.6
s26_p_pwiq1a,2.64
s18_l_sbio5n,2.52
s40_p_prwz8p,2.96
s50_l_pbbp8p,2.64
s44_p_bwbbzs,2.4
s11_l_swbq5s,2.6
s52_l_lbif2n,2.28
s17_l_bbwf4a,2.68
s4_p_pwwk6n,2.16
s40_p_pbij9a,3.2
s18_p_pgak6n,2.4
s32_l_lbbx5p,2.76
s46_p_bgin7p,2.32
s5_l_swwe5n,2.48
s35_p_srwe7s,2.2
s38_p_bwii2s,2.16
s23_l_bwbg2a,2.92
s50_l_bbah8n,2.76
s48_p_swbb2s,2.64
s14_1_50_15_r_prwr3a,2.32
s40_p_srblza,2.52
s20_p_lbid5n,2.24
s54_l_lgah9s,1.6
s16_p_sgbr7s,2.72
s21_p_prwz9p,2.72
s40_l_lraaza,2.76
s45_l_lrwazn,2.6
s25_p_swby1a,2.36
s9_l_pbaq3n,2.52
s37_l_lbbr8a,3.04
s11_l_lwbb8s,2.2
s23_p_bwbg2a,3.0
s42_p_brar9p,2.04
s29_l_pgay9a,2.92
s13_p_sbbu4n,2.68
s28_p_bbiz7p,2.24
s3_l_pbbrzs,2.48
s2_l_sgwgzp,3.08
s3_p_sbwq1a,2.44
s52_l_lrbz5p,2.92
s15_p_lrbs9a,2.4
s37_l_bbin7p,3.24
s24_p_pbaj7s,2.32
s21_l_swij8a,2.92
s49_p_srah7s,2.92
s18_p_srap5a,2.28
s10_p_sbbh6a,3.04
s28_p_pbbe5p,1.96
s24_p_swbe5n,2.64
s3_l_lriy4a,2.28
s16_p_srwp5n,2.48
s47_p_pgar8s,1.8
s55_l_sgbx7a,2.84
s16_l_sgwl6a,2.84
s43_p_bwapzs,2.6
s55_p_sbwx8s,2.8
s41_l_brwg7n,2.52
s28_l_sraj6n,2.6
s36_p_lbby3n,2.8
s55_l_bwwd2a,2.76
s22_p_prbr5a,2.44
s24_l_brbpzn,2.44
s12_p_pwak7p,2.12
s3_p_bbwt8n,2.0
s11_l_lwbhzs,3.04
s9_p_swby2s,2.28
s12_l_lwbm4s,2.0
s27_p_swwdzn,2.6
s39_l_lbir2p,2.48
s36_p_sbic4a,2.08
s25_l_sraa2s,2.76
s23_l_pbwd1p,3.0
s50_l_pbwe5a,2.64
s21_l_lwig3s,2.76
s33_l_bwbp1n,2.64
s21_l_lbbe5s,2.76
s24_p_lwih3p,2.68
s53_p_brat8n,2.16
s39_l_lbbf7n,2.52
s42_l_srap4p,2.24
s52_p_bgic8s,2.48
s51_l_bria6n,2.52
s45_l_bgwx7n,2.44
s46_p_sriu7n,2.48
s16_p_praz5n,2.76
s27_l_bgwj6p,2.64
s18_l_pgif5n,2.32
s54_l_prir7a,1.72
s39_l_brwu2s,2.32
s20_p_pwam2n,2.28
s5_l_swih9s,2.44
s6_p_lrae8p,2.16
s40_l_sriv5n,2.84
s54_p_pgwg3a,1.56
s50_l_pwbm3n,2.52
s33_p_sbwv5a,2.64
s20_p_pwar2a,2.04
s47_l_bbab6p,2.04
s27_l_sgaf2s,2.56
s45_p_pgal4a,2.8
s44_p_sbaa9a,2.4
s42_l_prie6p,2.08
s45_p_bgaj9a,2.88
s47_p_pgig2a,1.8
s52_l_bgwj9n,2.84
s16_p_lrbnzs,2.68
s54_p_bbbu2s,1.68
s30_l_bwavzp,2.56
s31_l_pwbf8n,2.52
s14_p_sgwd6a,2.28
s28_l_bgiv9s,2.4
s38_l_lbby5s,2.68
s28_p_swiizp_WRONG_swaizp,2.64
s34_p_lwwo2p,2.64
s29_p_pbii5p,2.28
s6_p_lrbm6s,2.24
s8_p_lbwf3n,3.0
s37_p_sgwszn,3.32
s9_p_prwz6a,2.88
s8_p_pbaq3n,3.4
s6_p_prwl9s,2.32
s39_p_pgwt5n,2.68
s35_l_brin1n,2.16
s16_l_pbwd3p,2.92
s49_p_pbixza,2.8
s23_p_lrws8s,2.96
s36_l_pbbq1p,2.76
s3_l_swwp8s_WRONG_brag2n,1.88
s55_p_bbbu4s,2.8
s27_p_srbx2p,2.64
s10_l_prayzp,2.76
s51_l_swbe6p,3.2
s51_l_lbwn2p,2.92
s43_p_bbbo7a,2.52
s36_l_swbp7n,2.48
s52_p_srbv7n,2.56
s19_p_lriz4a,2.68
s32_l_lbwl5s,2.36
s17_p_sgar3s,3.12
s29_p_sbad1n,2.44
s42_l_pbwl2s,2.32
s14_p_brav5a,2.08
s40_p_bwip5a,2.76
s4_p_sgiy7a,2.16
s31_l_lgbt7n,2.8
s27_l_pgwazn,3.0
s4_l_bbwp3a,2.12
s44_p_pgie6s,2.36
s44_p_lrwh1p,2.4
s20_l_bbwo4n,2.32
s23_p_bwbu5p,2.8
s44_p_sbwq7p,2.48
s4_l_pbic3a,2.32
s29_p_srwrza,2.44
s15_p_lgaa1s,2.36
s55_l_lbir7a,2.52
s14_p_pbbx8n,2.6
s52_l_lgbm5p,2.64
s51_p_prak7p,2.68
s55_l_sbip1p,2.48
s24_l_lwat7p,2.8
s42_l_swiq4a,2.12
s16_p_lwit9n,2.4
s29_p_bwiz5p,2.76
s25_p_lbaf9a,2.36
s46_l_sbbo1n,3.28
s23_p_swiq2n,2.92
s28_p_lbigzn,2.56
s19_p_bgao9a,2.28
s9_l_lbwl9s,2.88
s44_p_bgit8s,2.6
s22_p_srai4s,2.72
s31_l_bwab8p,2.76
s15_p_srwjzs,2.48
s45_p_bgwk7n,2.6
s54_l_sraq3n,1.72
s45_p_bgwx7n,2.28
s34_p_bbwp1p,2.4
s53_p_bbbt4p,2.6
s41_p_bbim3s,2.68
s15_p_lbir1p,2.36
s55_p_prar4p,2.8
s34_p_bwii1p,2.4
s47_p_pbwc2a,1.8
s47_l_swbi6s,2.24
s53_l_swwf6a,2.56
s24_l_lbaf9a,2.76
s49_p_brbp4a,2.6
s11_l_prwtzn,2.52
s13_l_sgbq7s,2.8
s36_p_bgwe5a,2.36
s49_l_pgay7s,3.0
s54_l_srwb9n,1.68
s54_l_sgwr9a,1.88
s24_l_briozp,2.6
s2_l_brin7a,2.88
s39_p_lbir2p,2.48
s39_p_lwimzp,2.72
s10_l_bwbp9a,2.64
s33_l_sbwv5a,2.28
s7_l_lgbg3a,2.36
s53_p_bbaf8n,2.16
s28_l_lgbc4a,2.28
s15_p_sgbe4p,2.36
s3_p_sgbx4p,2.44
s52_l_bwwv1p,2.8
s55_p_pbiy5p,2.8
s15_l_sbav3a,2.88
s34_p_swbq5n,2.56
s43_l_lgaz7n,3.04
s36_p_sbax3a,2.6
s4_p_pbic3a,2.24
s54_l_lgaa8a,1.44
s53_p_brih1a,2.16
s53_l_pgbg9a,2.24
s3_p_lwwb6s,2.28
s12_p_pbbf5a,2.52
s33_l_bwau9s,2.56
s10_p_bwbc1s,2.4
s55_l_bgbnzs,3.04
s8_p_lwam7s,2.92
s11_l_swwd1n,2.52
s29_l_bwwu7n,2.6
s5_p_sbbb4p,2.16
s15_l_sbbx3a,2.76
s21_p_praj6n,2.4
s13_l_lgia7s_WRONG_lris2p,2.76
s32_l_pwiv3p,2.76
s26_l_pwiq1a,2.52
s53_p_brbb3n,2.2
s21_l_srbxza,2.88
s55_p_lraf5p,2.84
s52_p_lrir6p,2.44
s5_l_brbi9n,2.24
s34_l_pwbl6n,2.52
s33_p_bwap2s,2.28
s13_p_swbe9n,2.84
s36_l_srwh6a,2.88
s51_l_lwih3a,2.96
s38_p_lrbuzs,2.6
s26_p_bwij1a,2.44
s46_p_pbwr8n,2.36
s34_p_prbl7a,2.36
s41_l_lrwf1n,2.32
s35_l_lrba2s,2.44
s45_p_lbbl5p,2.52
s37_l_sbbv2n,3.08
s6_p_bbwo7s,2.28
s18_p_pgif5n,2.24
s11_p_sbwk4s,2.36
s42_l_srwk8p,2.2
s32_p_pwiv3p,2.4
s40_l_lbwt8s,2.84
s23_p_pgae7p,2.92
s7_p_swah2s,2.16
s38_l_bgij2s,2.48
s2_l_bwbo8a,3.0
s25_l_bbbv5p,3.0
s26_l_sgab6a,2.68
s4_p_bbwt4s,2.12
s28_p_lbil2p,2.32
s21_p_sgbv2a,2.44
s51_l_lbiz6a,2.8
s7_l_pbbq9n,2.6
s26_l_bgwy1p,2.52
s38_p_sgwq6s,2.44
s50_l_pbakzn,2.8
s25_l_lrbh3n,2.92
s45_p_swayzs,3.04
s51_l_lgwc5p,3.36
s50_l_pwbl1a,2.88
s41_p_lgan9p,2.6
s17_l_lgwc7s,3.24
s41_l_bbbu5n,2.4
s7_l_pgbn2p,2.36
s8_l_prwz6a,3.12
s8_p_bbbm9n,2.92
s13_l_brbi5a,2.92
s25_p_swbe5n,2.36
s35_p_swapzs,2.48
s45_p_sbav4p,2.92
s41_p_pbii3p,2.4
s34_l_brih5p,2.72
s49_p_brim1s,2.4
s55_p_pbbl2a,2.72
s16_p_bbiszs,2.92
s44_p_srid2s,2.24
s29_l_lrwa9p,2.84
s3_p_lwia1n,2.28
s50_p_pbakzn,2.84
s39_l_bwic8a,2.48
s27_l_pwbz6s,2.48
s35_l_prbl2n,2.56
s25_p_pgar5a,2.36
s13_p_lris2p,2.68
s38_p_lgag8s,2.0
s28_l_bwip3n,2.4
s28_p_bgwd4p,2.28
s12_p_bwwo4s,1.8
s2_l_bgbp3n,2.84
s8_l_lgao2s,3.92
s9_p_pbaq3n,2.72
s4_p_pwwz9p,2.16
s44_l_brai2p,2.64
s5_l_bwbo9a,2.36
s7_l_lbwu4a,2.16
s29_l_sbbc3s,2.76
s14_p_prip9a,2.08
s55_l_bgwb9p,3.08
s43_p_brwu2n,2.6
s40_p_bwif4a,2.4
s45_l_lbae1n,2.56
s54_l_bbbu2s,1.6
s31_l_bgiv1n,2.56
s6_l_lwih1s,2.56
s39_l_lbbg4a,2.52
s8_l_bgic8a,3.04
s33_l_lbik8n,2.56
s11_p_pgbm6s,2.88
s11_p_sgbx7s,2.64
s15_p_lwikzs,2.4
s37_l_lrwf6n,3.08
s34_p_sgax3a,2.36
s51_l_sgax1a,3.2
s45_p_bwia9n,2.6
s13_l_bwic1a_WRONG_bgip4p,2.76
s15_l_lwao1n,2.56
s52_p_sbbb7p,2.52
s37_p_bgbo1p,2.96
s55_p_lgis3s,2.92
s50_l_bwbx3p,2.52
s9_l_lwbo5n,2.52
s36_l_lgbpzn,2.52
s4_l_sbwe1n,2.2
s41_p_priz2p,2.44
s48_l_bgakzp,3.0
s48_p_srip8s,2.92
s37_p_lrwazp_WRONG_#lrwa(zed)p,3.0
s24_p_lwwozp,2.4
s44_l_sgwq3a,2.8
s55_l_lwit4n,2.48
s24_l_pwis2p,2.6
s19_l_bgao9a,2.6
s40_p_lgwu1p,3.04
s30_l_swbv5s,2.72
s29_l_sbad1n,2.6
s35_l_lbbq9n,2.52
s13_p_sric3n,2.72
s49_l_lwie7s,2.64
s31_l_swadzp,2.88
s38_l_sbic1s,2.56
s41_p_brwd1a,2.28
s27_l_lwwm9a,2.72
s9_l_lrwz6a,2.52
s49_p_bgax4n,2.64
s19_l_sbad6a,2.68
s45_l_swby2n,2.8
s8_p_bgic8a,2.84
s34_p_pbav9s,2.48
s2_l_bwwc4s,3.04
s13_l_bbwn8n,2.88
s6_p_lwih1s,2.4
s6_l_sric4a,2.8
s12_l_lbbs9a,2.12
s16_p_bbbb4p,2.52
s55_p_pbaj8a,2.92
s36_p_prwm2p,2.52
s24_p_lrif9p,2.44
s33_l_lwbb1a,2.56
s51_p_pbwf3s,2.84
s5_l_lgis2p,2.52
s32_l_lrahzp,2.56
s8_l_srid6s,3.32
s27_p_lwwvzn,2.48
s24_l_lwaz4a,2.6
s33_l_pgie2n,2.56
s4_l_lgig8p,2.32
s15_l_lgaa1s,2.8
s41_l_srix8a,2.64
s32_p_pwix5a,2.08
s47_p_bwbj5s,1.96
s3_l_lwih5a,2.28
s15_p_lwao1n,2.68
s53_p_sgid8a,2.32
s16_p_sgwl6a,2.44
s2_p_bgwv9n,3.04
s17_l_lbbe7n,3.16
s47_p_bwwvzs,2.04
s33_p_sbbx7n,2.52
s35_l_sgaq7a,2.68
s9_p_lwat6s,2.32
s37_l_sbaj1s,3.2
s15_l_bgwv7s,2.84
s13_l_lbbgzs,3.0
s43_p_bgbb4s,2.72
s50_l_lgbazn,3.08
s45_p_brwi2p,2.44
s48_l_pgbl1p,2.72
s30_l_prix6s,2.44
s32_l_sgiv4s,2.52
s35_l_pbid3s,2.36
s46_p_sgbk4s,3.04
s18_p_bbatzp,2.68
s31_l_bgwdzn,2.76
s23_l_lgab5s,3.12
s48_l_bgii3s,2.8
s8_p_sgwf5p,3.28
s55_p_bgbnzs,3.08
s6_p_pbid6a,2.6
s33_p_bwbn7n,2.48
s7_p_sbwxza,2.28
s28_p_sbwjzs,2.28
s55_p_bwio6n_WRONG_bwwo6n,2.8
s12_l_lril4p,2.04
s7_l_bwbvzs,2.32
s54_p_pgay4a,1.72
s33_p_lwia2a,2.48
s24_l_pbar1s,2.52
s37_l_pwbq9s,3.28
s34_l_sbwu7p,2.52
s25_l_pgwn7p,3.08
s29_l_sgiqzp,2.68
s7_l_lray6n,2.32
s23_l_sgiyza,3.2
s5_p_prwk1p,2.16
s17_p_swij1n,2.76
s51_l_bwwqzp,3.28
s5_l_bgivzp,2.52
s47_p_priy5s,1.84
s24_p_lwba4s,2.52
s45_p_lrwazn,2.72
s3_p_srwjza,2.32
s36_l_sgwr2p,2.48
s5_l_sriczn,2.56
s53_p_lbiz2a,2.04
s24_l_lwba4s,2.44
s25_l_swbe5n,2.84
s18_p_lbae2s,2.4
s41_p_bwaa4a,2.32
s12_l_swby8s,2.16
s35_p_lris2a,2.4
s28_p_sgaq4p,1.96
s7_l_lgaa8s,2.16
s53_p_pbae9p,2.28
s53_l_srij2a,2.36
s31_l_lrie4a,2.4
s27_p_brit3s,2.36
s9_p_pgwg8s,2.48
s2_l_lgwbzp,2.8
s42_l_sgwz1a,2.0
s44_l_bwbuzs,2.68
s3_p_bbwc2a,2.24
s34_p_sbbx8n,2.56
s6_l_pgag5p,2.48
s5_l_pgid5n,2.36
s55_l_brah7s,2.8
s23_l_bwbu5p,3.24
s3_l_pgimzn,2.28
s35_p_pgal1a,2.44
s18_l_pbij8a,2.44
s45_l_sgaj8a,2.76
s8_p_lgba4s,2.76
s22_p_bwwp2s,2.64
s8_p_sbwx2a,3.44
s32_p_pwws2a,2.08
s19_l_srivzs,2.92
s30_l_brbn4s,2.0
s42_l_pbay1p,2.28
s31_p_bbwg8a,2.36
s8_l_sgip7s,3.28
s41_p_sbwo5a,2.44
s37_p_lwia9p,3.08
s17_l_brbg8n,3.04
s52_p_srwe5s,2.48
s17_p_brbt7a,2.96
s7_p_lgwb4a,2.0
s29_p_bwbb5s,2.6
s53_l_sbic7s,2.6
s5_p_srax3a,2.24
s51_p_prwf4a,2.88
s19_p_lgiu5n,2.4
s36_p_pbbq1p,2.56
s14_l_lgba4n,2.32
s4_p_sbwe1n,2.08
s13_p_srai5p,2.56
s48_p_pwwf7n,2.64
s44_p_bwihza,2.52
s44_l_brbg7n,2.68
s42_p_pbwf7p,2.4
s15_p_lwwh3p,2.68
s37_p_lgwg6p,3.0
s35_l_pgal1a,2.72
s40_l_bwac1n,2.96
s21_l_pbac7s,3.08
s21_l_bgio1s,2.72
s36_l_prbk5a,2.44
s37_l_sgiv5p,3.24
s25_l_bbwu4a,2.72
s2_l_sbiu4p,2.84
s24_p_pbbl3p,2.56
s24_p_srbj8n,2.52
s55_l_sgizza,3.08
s11_p_brwv1s,2.12
s37_l_pway3p,3.28
s43_p_prwy5n,2.76
s28_p_lrwb1s,2.08
s46_p_srix4p,2.8
s11_p_lbbk5n,2.36
s31_l_lwbu9s,2.84
s17_p_lbay1n,3.32
s23_p_pbwz6s,2.72
s29_l_sbio6n,2.68
s46_p_lgwo1p,2.44
s3_l_pbar7p,2.6
s29_p_sgix2n,2.32
s4_p_lbbh2a,2.12
s44_p_lrar5p,2.44
s53_l_brbb3n,2.48
s16_l_lbaf3a,2.96
s17_p_srib6a,2.96
s47_p_prizzn,1.88
s3_l_bbwc2a,2.2
s6_p_pbwk2p,2.44
s33_p_pbid7a,2.16
s21_p_pbac7s,2.6
s8_p_pbwk7n,3.0
s49_l_bgak2a,2.72
s3_l_bbam2p,2.4
s48_p_lbar2a,2.76
s44_p_swbx2n,2.52
s55_l_pwiq1n,2.8
s39_p_sgak6s,2.88
s4_p_sbwp4n,1.88
s2_p_sgwgzp,2.84
s29_l_prwl1n,2.56
s18_l_lbwz6s,2.32
s18_l_pgic7p,2.68
s12_l_sgaj3p,2.2
s52_p_lbiy1a,2.28
s16_l_swai6n,3.0
s30_p_pbwr5s,2.24
s48_p_pwbz7a,2.92
s29_l_pbii7s,2.8
s14_l_pgaf4a,2.08
s53_p_lgwn5n,2.28
s54_p_lraf3n,1.44
s51_p_bbbg5s,2.72
s23_l_pwaf1p,3.04
s43_p_sgajzp,2.72
s24_p_lwaz4a,2.24
s27_p_pwbszn,2.52
s32_p_pbwf4a,2.28
s41_l_bbbt7p,2.72
s49_p_swwq5s,2.84
s14_p_bwwj9n,2.2
s52_l_lrig3s,2.56
s24_l_sgak8n,2.52
s45_p_sbbd5a,2.8
s46_p_lwaa3n,2.56
s2_l_swwx9p,2.92
s28_p_priu6s,2.2
s3_l_pgaz9a,2.36
s41_p_pwwz8a,2.56
s9_l_pbiu9n,2.4
s17_p_lgwc7s,3.08
s20_l_brwi5n,2.36
s19_l_lwam4p,2.44
s42_l_brar9p,2.08
s42_l_bgav6a,2.12
s10_l_lral6p,3.04
s29_l_lrwg9n,2.76
s41_p_lbir6p,2.32
s32_l_pbay4n,2.48
s24_l_lgiu9p,2.4
s53_l_srbq8a,2.6
s36_l_swai2s,2.76
s5_p_sbapzs,2.44
s21_p_pwid3a,2.64
s47_l_swbv8s,2.0
s29_p_brwv3n,2.28
s52_l_srbv7n,3.0
s39_p_prad7n,2.2
s10_l_sravzp,3.08
s7_p_sbii8s,1.96
s32_l_swwp9p,2.6
s10_l_pgae7s,2.44
s13_l_swbe9n_WRONG_pwwl2s,2.92
s46_l_lwwn2s,2.68
s45_l_prbr3p,2.96
s46_l_lwwi3s,2.88
s44_p_brag4p,2.44
s6_l_pbbx4s,2.6
s21_l_prwz9p,2.92
s40_l_swid2s,2.68
s11_p_bgic3n,2.24
s6_p_sraxzs,2.24
s53_p_brwi6s,2.24
s38_l_lrbuzs,2.68
s16_l_bgah2n,2.56
s55_p_brwa9p,2.52
s27_p_lwan9p,2.64
s3_l_sbbx6s,2.56
s6_l_lwigzn,2.36
s34_p_srbk9a,2.4
s47_p_sbax4p,1.88
s33_l_lwbs8a,2.56
s31_l_pwil3s,2.68
s10_p_sgad4s,2.88
s44_l_bwbbzs,2.8
s51_l_bgbp7a,2.96
s38_p_bgiv3s,2.24
s42_l_bgii4a,2.08
s7_l_bgap9p,2.4
s19_p_brwh8a,2.4
s14_l_lrbf1n,2.12
s28_p_bbin9n,2.04
s47_p_lrif6n,1.72
s22_p_sbin8p,2.72
s26_p_prax7p,2.8
s12_l_pbie8a,2.0
s10_p_pwws8n,2.88
s30_l_pgbt9s,2.28
s30_l_lwbn5p_WRONG_lwwn5p,2.2
s18_l_pwaszp,2.76
s17_l_lbbn6a,3.12
s33_l_lgwu9s,2.76
s50_p_lgwn6p,2.16
s18_p_pbiq3s,2.44
s27_p_sgid5p,2.68
s4_p_sbia5s,2.32
s31_p_bbib2p,2.64
s28_l_prwy5a,2.32
s54_p_bwbn8s,1.76
s28_p_lrbm7s,2.24
s17_p_srix9a,3.04
s31_p_swwz1a,2.24
s4_p_brio1n,2.24
s10_p_bgin7n,2.2
s42_p_bwwb9s,2.2
s34_p_pbby3p,2.4
s31_p_pwws5s,2.76
s7_l_bwaj4s,2.4
s48_p_bgbj3p,2.88
s21_p_lgbb4n,2.36
s6_p_lwia1p,2.28
s26_p_pwij9n,2.64
s48_p_bbba9a,2.4
s14_l_sgwe5n,2.52
s42_p_pbwr5n,2.36
s5_p_pbbf5p,2.4
s44_l_sbio6p,2.52
s16_l_bbbb4p,3.04
s6_l_pbid6a,2.04
s15_l_sgij4n,2.68
s16_p_sgij8n,2.68
s52_p_lrbz5p,2.72
s24_p_lrbh3n,2.64
s15_l_lwbt8a,2.64
s42_l_brwh2s,2.08
s52_p_swaj6n,2.4
s8_l_pbiu9n,3.24
s20_p_bbwn9p,2.32
s43_p_pbbr6a,2.64
s8_p_brbbzs,4.0
s5_l_pgbf2p,2.56
s3_l_bgad2s,2.44
s15_p_lgbh6a,2.56
s22_p_lwbm7a,2.72
s34_p_lrif2s,2.12
s52_l_sbah9p,2.92
s11_p_bbwi4a,2.24
s22_l_pbiu2a,2.72
s52_p_bwwh4s,2.64
s54_l_pgwg3a,1.72
s32_l_pbwl8p,2.64
s37_p_lgbi8p,2.96
s15_l_prbe7p,2.96
s24_l_lgwx1p,2.52
s9_l_bbbm9n,2.52
s20_l_pwbm5p,2.68
s38_l_prip8p,2.6
s38_p_pwwm3p,2.48
s53_l_bgbk5a,2.32
s43_l_lgbh8p,3.08
s8_p_bwwh5s,2.68
s20_l_prwy8s,2.28
s32_l_prar6n,2.52
s55_p_pgwm6p,2.88
s47_l_pgwm3s,2.0
s5_p_pgbg8a,2.28
s8_l_bbwv5s,3.36
s10_l_pgwe9p,2.96
s22_l_pgadzs,3.0
s11_p_prae3n,2.32
s8_p_srbjza,2.92
s24_p_pbar1s,2.2
s4_p_sbbq3s,2.32
s7_l_bbam9a,2.08
s17_l_lbwg2a,2.96
s9_p_sbwv3a,2.24
s41_p_pgba5s,2.64
s17_l_prbq4s,3.0
s31_l_prie9s,2.68
s15_l_brbg7s,2.68
s5_p_pgbf2p,2.36
s42_p_srap4p,2.12
s31_p_bgwdzn,2.64
s54_l_lgbg8a,1.6
s46_l_pbiq1p,3.04
s18_l_swik4p,2.6
s30_p_lbwzzp,2.28
s46_p_sbbp6s,2.52
s52_l_pwiq7s,3.12
s40_p_pbaq9n,2.76
s23_p_pgwn4n,2.84
s31_p_lbwm2n,2.32
s44_p_sgbp9s,2.44
s45_p_lraz6a,2.4
s16_l_lwit9n,2.68
s7_p_bbaf9a,1.92
s55_l_lbws2s,2.8
s37_p_brai3p,2.96
s55_p_lwwc1a,2.6
s45_l_pwwm6p,2.72
s26_p_pbwq5n,2.44
s28_l_bwwa2a,2.2
s34_p_brih5p,2.44
s28_l_bwbv7a,2.28
s19_p_prbj7p,2.72
s50_p_bbba6s,2.16
s13_p_bgwezp,2.72
s25_l_bwin3n,2.92
s2_p_pwif2n,2.72
s29_l_lrif7p,2.84
s53_l_lgiu6s,2.48
s42_l_srwx6s,2.16
s37_l_lbwn5a,3.12
s33_l_pravzs,2.56
s24_p_pbip5s,2.52
s19_p_lwws8n,2.32
s21_l_pbad2a,2.76
s3_l_praq5n,2.24
s48_p_pbiv3p,2.76
s28_p_lram9n,2.0
s21_p_swayzp,2.72
s47_p_prbr8a,1.88
s17_l_lgbm8s,2.92
s43_p_sriu2n,2.44
s37_l_sgwszn,3.32
s44_l_pwbs7n,2.6
s51_l_brbj4a,2.64
s47_p_lria1p,1.96
s32_p_bgao3p,2.24
s41_p_brbj1n,2.56
s55_l_bwav8n,2.92
s40_l_srib6s,2.8
s14_p_pgaf4a,2.28
s14_l_lwbs2s,2.36
s13_p_bgap4p,2.8
s17_l_bbbs8s,3.04
s41_l_pgamzn,2.8
s38_p_pbix9n,2.28
s6_l_prwl9s,2.32
s21_p_pgbq2s,2.6
s11_p_pgbm8n,2.6
s51_p_bbihzs,2.8
s12_l_lrwu3a,1.96
s8_l_lgbn2p,3.12
s34_l_bris7s,2.4
s2_p_lrbr7p,2.8
s23_p_pwbe9n,2.8
s28_l_lgbh8n,2.76
s21_l_pbbszn,3.0
s54_p_srap7a,1.68
s6_p_brbv7s,2.0
s34_l_pwws7s,2.6
s8_l_srbjza,3.6
s26_l_bbanza,2.76
s46_p_pbiv2a,2.44
s52_l_brwp3s,2.6
s28_l_bbin9n,2.36
s50_l_lgwn9a,2.64
s21_p_brbm8n,2.28
s2_p_bwbo8a,2.76
s19_l_lbbn3a,2.36
s5_l_pbal3n,2.64
s14_p_pgwu3a,2.32
s26_l_pwij9n,2.64
s40_p_pgws9s,2.84
s12_p_lwwh7p,2.08
s6_p_pbwy9p,2.28
s45_p_pbwx4p,2.56
s26_l_swiy3s,2.56
s38_l_swwrzp,2.56
s8_p_lrwizp_WRONG_lrbizp,3.0
s12_p_lgwp3n,1.88
s48_p_swad4a,2.52
s46_p_bbaf8s,2.28
s38_p_bwah6a,2.16
s36_p_brwd1s,2.52
s52_p_lgwp8a,2.2
s38_l_bgao1a,2.2
s31_l_swwz1a,2.48
s17_p_lbbe7n,2.8
s43_l_brbp7a,2.84
s3_l_bgwv7n,2.28
s29_p_lrif7p,2.52
s9_l_swws4a,2.68
s40_l_lbws7p,2.56
s27_l_pbbq1a,2.8
s38_l_lrwh6p,2.52
s33_l_pbwy9s,2.8
s48_p_bgii3s,2.52
s4_p_sgib1p,2.2
s25_p_bgac3p,2.52
s46_p_srwe9p,2.4
s34_p_lgba9p,2.52
s41_l_sgwl9s,2.68
s4_l_sbbq3s,2.44
s34_l_bgaj7a,2.52
s25_l_briozp,2.88
s54_l_lbam6s,1.6
s42_l_pgwn9s,2.28
s55_p_pwiq1n,3.0
s13_l_bbbt3s,2.92
s36_l_bwwb7n,2.4
s24_p_sbwi8a,2.56
s50_l_lwbm3s,2.64
s21_p_bgap5n,2.4
s11_p_prii7n,2.24
s14_l_bbim3n,2.32
s21_p_prbr1n,2.6
s2_p_sgaz3n,2.72
s5_l_pbio6s,3.12
s4_l_sbwp4n,2.52
s16_p_lgaizs,3.0
s16_l_srit2a,2.76
s23_l_prbm2s,3.0
s18_l_swav9a,2.48
s21_l_prib3n,2.8
s48_p_braa7a,2.2
s8_p_lgao2s,3.12
s7_p_pgixza,2.2
s17_l_sgar3s,2.76
s49_l_prwf9s,2.8
s55_p_bwwd2a,2.6
s31_l_lgim6n,2.8
s49_p_lgin1n,2.64
s51_l_pbio8n,2.92
s14_p_bwwo2s,2.0
s39_p_lbwn5s,2.4
s27_p_swbp4a,2.56
s53_l_lwah4p,2.36
s42_p_pwwfzn,2.24
s50_p_bbah8n,2.28
s51_p_swao5n,2.8
s5_p_swwe5n,2.92
s47_l_prbr8a,2.08
s4_l_lbar3n,2.4
s25_p_briozp,2.44
s3_l_pridzs_WRONG_swip9a,2.64
s46_p_lwaz4s,2.28
s19_l_srwq3s,2.56
s26_l_lwis7s,2.6
s19_p_pgis5n,2.6
s29_p_lrwm7n,2.32
s10_p_pbwf9p,2.96
s6_l_pgbz3p_WRONG_#pgb(zee)3p,2.44
s35_l_lbwm4p,2.24
s37_l_pwid9p,3.08
s36_p_lwwoza,2.44
s55_l_srio1a,2.56
s7_l_swbz3a,2.44
s9_p_swwq2s,2.68
s12_p_lrwn8n,1.88
s6_l_bgai5a,2.36
s24_p_lbws4p,2.28
s8_p_sbwv3a,3.0
s23_l_swbj4s,2.8
s33_p_lbwg3n,2.28
s5_l_lgim2p,2.64
s29_l_bwiz5p,2.76
s53_l_sbbizs,2.64
s54_p_brajza,1.68
s8_l_brbbzs,3.24
s40_p_swaxzp,3.08
s48_p_srwxza,3.16
s9_p_swwr4s,2.64
s11_p_lwbhzs,2.56
s39_p_brai6p,2.6
s47_p_prwq9a,1.76
s19_p_swwd2p,2.32
s48_l_lwbu5p,2.88
s41_p_bbbt7p,2.56
s33_l_lbwg3n,2.56
s48_l_bbba9a,2.8
s35_p_bgab5a,2.44
s38_p_lbif9a,2.04
s36_p_bwwb7n,2.4
s23_p_braa3s,2.8
s21_p_sbih3a,2.52
s12_l_pbbf5a,2.08
s55_p_pwwz4s,2.76
s27_p_lbbz6s,2.52
s37_p_pwid9p,3.28
s19_l_pwwz9s,2.8
s8_p_lrwz6a,3.12
s29_p_pbii7s,2.76
s38_p_pwaz7a,2.24
s23_p_sbac4a,2.92
s43_l_pgws6a,2.88
s28_l_lrbn8s,2.8
s52_l_bgib2p,2.88
s41_l_priz2p,2.68
s13_l_lrba8a,2.96
s24_p_lwit8s,2.24
s29_p_pwam6p,2.36
s16_l_pwae1a,3.12
s47_l_lbas7s,1.96
s18_l_pgak6n,2.6
s52_p_lbwl4n,2.48
s19_l_brwh8a,2.72
s43_l_brwu2n,2.76
s38_p_lrba7n,2.24
s12_p_lbwf9a,2.04
s34_l_lriy3n,2.4
s30_p_lrbszs,2.28
s22_l_bgai7p,3.04
s37_p_lgioza,3.16
s5_p_swbv8a,2.36
s34_p_srab8s,2.32
s54_p_lbbl6n,1.84
s36_p_bbau4p,2.4
s36_p_pwwmzp,2.88
s43_p_pwic1p,2.52
s28_p_lbbf5s,2.24
s44_p_srwx5a,2.64
s15_l_brbn4a,2.52
s10_p_brin2n,2.56
s20_p_sbac6s,2.16
s17_p_lgab8p,2.84
s53_l_lgwn5n,2.48
s26_l_sgwlzn,2.92
s51_l_pgbt4p,3.08
s8_l_briizs,3.28
s42_l_lwab1s,2.08
s10_l_pbwf9p,2.8
s17_l_srwv6s,2.8
s18_p_bric1a,1.96
s37_p_sbaj1s,3.12
s41_p_pgwh4a,2.32
s26_p_sgbf4s,2.64
s12_p_pgaz5a,2.4
s17_p_lbbn6a,2.76
s20_l_pway2p,2.6
s19_p_pwwz9s,2.4
s4_l_priy3n,2.24
s55_p_lgbg3n,2.96
s15_p_prwl5n,2.4
s33_l_pbbe8p,2.8
s48_p_sbib7n,2.68
s5_p_sriu6a,2.28
s14_l_bgbh8p,2.72
s22_p_lrbs9n,2.84
s27_l_lwwvzn,2.88
s23_l_brbb4a,3.04
s30_p_pbbk7s,2.32
s6_l_lbbf9s,2.68
s31_l_prws1n,2.52
s16_l_swaj8p,3.08
s7_p_lgaa8s,2.08
s5_l_pbij7a,2.64
s37_p_lbbr8a,2.8
s37_p_bbag9a,3.04
s34_l_sgwv6a,2.44
s27_p_prwf7a,2.44
s35_p_bwih8p,2.6
s5_l_sriu6a,2.44
s32_l_pwws2a,2.48
s55_l_pway5p,3.04
s11_p_sgiq4a,2.4
s33_p_pric8s,2.24
s3_p_bgbo6a,2.28
s40_l_pgak9s,2.72
s32_p_sgwq9s,2.4
s53_p_swwf6a,2.32
s26_p_sbwc6p,2.56
s30_l_sgbi2s,2.52
s18_l_lrbr9n,2.48
s14_p_sradzp,1.96
s46_l_lrag5p,2.76
s49_l_sbaa8n,2.76
s6_p_swiv3a,2.12
s34_l_sbaj8p,2.72
s17_p_lbbe4a,2.88
s23_p_sray2s,2.72
s55_p_brah7s,2.72
s31_p_swbl2a,2.32
s55_l_lgwb7p,3.08
s39_l_prad7n,2.6
s29_l_lwas8s,2.84
s27_l_prwf7a,2.56
s29_p_sbio6n,2.16
s4_l_swbo2a,2.08
s18_p_pgir4s,2.44
s25_p_srbj8n,2.4
s45_p_prbr3p,2.6
s46_p_pwil7a,2.48
s19_p_swic2a,2.52
s10_p_pgba6s,2.92
s51_l_pgwl8a,2.8
s45_l_lrbn9s,3.28
s28_l_pwwz1s,2.4
s4_l_lgbn4p,2.56
s33_l_bwbn7n,2.6
s7_l_sbii8s,2.12
s54_l_bbif7p,1.84
s54_l_prid5p,1.76
s37_l_prwk4p,3.12
s17_l_brim3n,3.12
s6_p_sbac2n,2.32
s29_p_bgio4a,2.24
s46_p_lwwn2s,2.36
s53_l_lral9p,2.44
s52_p_sbbx8p,2.68
s53_l_sgby3p,2.68
s19_l_brat3n,2.68
s48_p_lrwm6n,2.92
s55_l_bbbu4s,2.72
s53_l_bgwq1s,2.32
s2_p_sgib9n,2.6
s33_l_srat5p,2.52
s28_p_pbay4p,2.2
s24_p_sbig5n,2.36
s22_l_lram4p,2.76
s11_l_prid6a,2.28
s26_p_srwx2s,2.48
s40_p_bbio1s,2.96
s19_l_pwae9s,2.64
s53_l_brat8n,2.36
s2_p_bwat8p,3.0
s3_p_brag2n,2.04
s34_p_bbwu5p,2.4
s6_p_bwbqza,2.52
s51_p_bwib1a,2.6
s5_p_pwad4s,2.36
s41_l_swio8s,2.76
s4_p_sgax5p,2.28
s14_p_bbim3n,2.0
s49_l_pwbz1n,3.04
s49_p_sgah9p,2.24
s26_l_sgbf4s,2.68
s27_l_srbv8n,2.56
s47_p_bbab6p,1.88
s26_p_bgbozn,2.36
s45_l_lwbg7a,2.72
s5_p_brit9p,2.12
s44_l_bgbi5s,2.92
s10_l_sgbj5p,3.0
s37_p_pgbz6s,3.12
s36_l_sbic4a,2.76
s37_p_pwbq9s,3.04
s41_p_lgbuzp,2.56
s9_l_bria4s,2.48
s14_l_sbis6a,2.08
s9_l_pwbp7p,2.8
s40_l_bbio1s,2.68
s13_p_lrba8a,2.92
s51_l_bgavza,3.0
s18_l_sgaq2s,2.6
s12_p_srih9p,2.24
s32_l_sbic6p,2.84
s39_l_lgit1n,2.32
s36_p_pgbg9p,2.56
s42_l_pwwszs,2.4
s2_p_prik1a,2.28
s8_l_pbwk7n,3.76
s53_p_sbic7s,2.24
s4_p_srin8s,2.16
s39_p_pwwy7a_WRONG_pway7a,3.04
s4_p_sgar5a,1.92
s17_p_sgaj4a,2.8
s32_l_bwwj2n,2.32
s36_l_bgic5s,2.44
s30_p_pwbf9a,2.0
s42_l_pwbk4p,2.44
s28_l_priu6s,2.56
s12_l_pwak7p,2.16
s6_l_pwws2s,2.44
s14_p_brwn8p,2.0
s4_p_brbj1s,2.12
s8_p_pbbl4p,2.96
s17_p_lgbm8s,2.92
s48_l_sbbi4s,2.96
s22_l_lwbcza,3.0
s28_l_sbwjzs,2.56
s6_p_lbaq5n,2.28
s54_p_swiy2p,1.64
s16_p_lgazza,2.88
s31_l_pbbj8s,2.6
s12_p_sgax6s,1.92
s47_l_sbiu3n,2.04
s53_p_swixza,2.52
s54_l_lraf3n,1.6
s40_l_pbij9a,2.96
s25_p_lbws4p,2.28
s27_l_lbiy4p,2.88
s20_l_pgarzn,2.52
s53_l_swixza,2.56
s54_p_brim2s,1.56
s16_p_pgir1s,2.6
s8_p_pwwt6a,3.04
s2_l_bgbv2n,2.76
s9_l_sgip7s,2.56
s30_p_sgwd2s,2.12
s42_l_pwwfzn,2.52
s54_l_swiv8a,1.72
s17_p_sbwq9n,2.92
s8_l_pwwt6a,3.16
s13_p_brbm9n,2.84
s25_p_sgav7s,2.56
s39_l_pbbd8p,2.88
s9_p_swic8s,2.68
s12_l_srby5p,2.48
s2_l_bwio8a,2.76
s28_l_bgwp7p,2.4
s20_l_brbi8a,2.32
s10_l_bwwoza,3.04
s29_p_lwau4n,2.64
s51_l_sgbm1p,3.32
s23_l_bgbx8s,2.8
s11_l_lbirzp,2.48
s21_p_swac8s,2.4
s50_p_bgap8n,2.44
s28_l_bgbd6s,2.72
s54_p_swiv8a,1.72
s27_p_sgaj4p,2.52
s51_p_bria6n,2.56
s23_p_sgac3n,2.8
s42_l_pbio8s,2.12
s37_l_bgbb6p,3.04
s6_l_swbd1p,2.52
s20_l_pbwd6p,2.52
s54_l_bwixza,1.88
s3_l_pwis1a,2.24
s27_l_pbwk2p,2.88
s53_l_bwap7s,2.28
s8_l_swwr4s,3.48
s40_l_bgah3n,2.56
s34_p_bwbh2n,2.28
s27_l_lbit1a,2.92
s13_l_srao3p,3.12
s14_p_sgwy3n,2.04
s43_l_lwam1n,2.56
s10_p_prayzp,3.04
s24_p_sgak8n,2.44
s45_p_pwiq5n,2.44
s40_p_lbwt8s,3.04
s52_l_lbwt4n,2.88
s49_p_swbk3n,2.64
s33_l_bbih4a,2.4
s3_p_prwg3s,2.44
s14_l_lbwz4a,2.16
s35_p_pgwf8p,2.4
s21_p_bgbv1p,2.72
s41_p_srbd1s,2.4
s11_p_lwis2s,2.52
s11_l_bbbg8p,2.6
s46_l_prwm8p,3.0
s5_p_bwbo9a,2.28
s10_l_pgil3n,2.6
s38_l_bwwjza,2.48
s4_l_lwah7a,2.24
s34_l_sbbx8n,2.64
s17_l_bbih4p,3.28
s10_l_srbk3s,3.16
s18_p_pwij8n,2.32
s7_l_sgbj3s,2.48
s34_l_sgii6p,2.64
s40_l_lwim1n,2.6
s7_l_sbwxza,2.56
s53_p_swax4a,2.24
s24_l_pbbl3p,2.36
s29_l_brwv3n,2.52
s35_p_sbio9a,2.24
s28_l_bwig9n,2.52
s21_p_lrbl7s,2.44
s40_p_pgiyzp,2.6
s19_p_sbah1p,2.68
s45_l_lbwgzp,2.72
s25_l_bgbx6s,2.92
s5_p_lwiz7s,2.52
s11_p_swwszs,2.6
s48_p_swwj2n,2.36
s48_p_pwbr8s,2.48
s39_p_prij5s,2.36
s32_p_pwip9p,2.52
s22_p_swws1n,2.76
s20_p_lbwl4a,2.12
s41_l_pbbk2a,2.68
s15_p_pbilzp,2.56
s7_p_lgau5a,2.0
s12_p_lrwu3a,1.68
s22_p_brbp3s,2.56
s10_l_lgif6n,2.8
s34_l_bbwu5p,2.6
s54_p_lgwi9p,1.76
s20_p_lrit2n,2.24
s44_p_lwiuzs,2.4
s23_p_bbis5s,3.16
s19_p_sbad6a,2.64
s5_p_bgivzp,2.28
s14_p_lgba4n,2.12
s15_p_bwwp9s,2.28
s9_l_brbbzs,2.68
s31_l_sbai5s,2.72
s2_l_lbwm6n,2.88
s55_l_brwa9p,2.84
s38_l_bgwq5n,2.48
s34_l_pbac4s,2.56
s30_l_pwbf9a,2.44
s38_p_srbn6a,2.28
s2_l_swiq6p,2.84
s50_l_prid8n,2.28
s12_p_lwamzn,1.88
s26_l_lgbn4n,2.92
s23_p_swbz1a,2.88
s28_l_prws3p,2.4
s46_l_srwe9p,2.88
s48_p_bwwv7s,2.6
s3_l_sgbj4a,2.32
s8_l_swwq2s,3.2
s34_l_pgbn4n,2.64
s13_l_lrif7s,2.8
s32_p_pbik6a,2.56
s2_l_pbwp7n,2.92
s25_l_swby1a,2.84
s55_p_pbaq1p,2.8
s7_p_bwao2n,1.84
s2_p_pbwlzs,2.68
s4_p_bwim9n,2.2
s47_p_swbi6s,1.96
s22_p_sgwj8n,2.76
s27_p_brab1a,2.32
s52_p_bwan8a,2.32
s8_l_pwix5s_WRONG_pwwx5s,3.28
s39_l_prwrzn,2.68
s20_p_bgwv8n,1.96
s42_p_pbio8s,2.0
s26_p_sgaz4p,2.6
s41_p_bwih1a,2.44
s19_p_pgif5a,2.88
s26_l_sgaz4p,2.8
s20_p_pbip3p,2.24
s35_p_pbbd5a,2.44
s2_l_prax9s,3.0
s31_p_lgwh4s,2.4
s40_l_bwip5a,2.6
s12_l_bria5s,1.84
s15_p_bbab6a,2.28
s43_l_lwwv1p,3.0
s20_p_prwy8s,2.2
s24_p_lgiu9p,2.44
s46_l_pbiv2a,2.68
s38_l_srwkzs,2.68
s55_l_lgwt4s,2.64
s35_l_pbbd5a,2.64
s9_l_lwat6s,2.44
s36_p_pwarzp,2.92
s12_p_bbbo1p,2.08
s22_p_bwwk2p,2.68
s55_p_bbbhzn,2.76
s27_l_bah2s_WRONG_#sil,0.52
s16_p_pgiq9s,2.8
s25_p_sgak8n,2.6
s50_l_sgaj5s,2.44
s22_p_brwo3a,2.68
s39_l_srbj3p,2.84
s22_p_prbf9s,2.64
s2_l_bbim3a,2.84
s53_p_bwbvzp,2.6
s22_l_bbwt7p,2.88
s48_l_lbwn6a,3.08
s6_l_lgwu9n,2.36
s25_p_pbip5s,2.48
s20_l_pbwx7s,2.44
s23_l_sray2s,3.0
s49_l_lrit7a,2.76
s46_l_prae6p,2.8
s39_p_pwak3n,2.52
s44_p_swac1n,2.32
s53_p_lwiz2a,2.24
s7_l_srao8n,2.08
s52_p_srwe1n,2.48
s4_p_lwau8a,1.96
s10_p_sriu1p,2.56
s12_l_lrwn8n,1.88
s5_p_sbih4p,2.2
s23_l_lrihza,3.12
s37_p_bwbp7n,2.92
s28_l_lrwt7s,2.36
s15_l_lwbm4n,2.72
s22_p_pbiu2a,2.76
s19_l_lrim7a,2.56
s44_p_pbiv2n,2.52
s37_p_lwil5s,3.0
s5_p_prbq1s,2.2
s30_p_sgwe3a,2.2
s5_p_pbio6s,2.24
s31_p_bbin3s_WRONG_#(blin)bin3s,2.52
s40_p_lbwq5p,2.48
s37_l_srwc8p,3.24
s6_l_lgwh6p,2.92
s4_l_lwwa9p,2.16
s55_p_pway5p,2.8
s37_p_lbaf5a,3.0
s37_p_prwk4p,3.36
s14_p_swaq5n,2.24
s15_l_lrbs9a,2.92
s5_l_srbx1a,2.64
s7_l_lwwm7p,2.28
s49_l_pgwz6a,3.12
s39_p_swbq7a,2.56
s26_p_lgbn4n,2.52
s17_l_lbbe4a,3.12
s47_l_pbwj8s,1.92
s50_l_lriy9a,2.68
s28_l_bbiz7p,2.2
s7_p_bwbvzs,2.08
s16_p_lbbg9s,2.64
s20_p_lwit1a,2.08
s9_l_lbwf3n,2.4
s22_l_pgay8s,2.52
s26_p_bbwh5p,2.32
s34_p_bbibzs,2.48
s33_p_srax8n,2.2
s5_p_pwwy6p,2.56
s30_p_pgwt4s,2.16
s21_l_brbm8n,2.88
s43_p_lbir3s,2.56
s20_p_brwn1n,2.12
s8_p_bgwb9a,3.04
s15_l_brio8a,2.6
s45_l_swin1n,2.68
s26_p_sgwd8n,2.4
s53_p_bgwq1s,2.36
s49_l_pwbj3p,2.88
s49_l_bbwo3n,2.88
s4_p_bbwp3a,2.04
s54_p_lbbt1s,1.68
s3_p_bwbc3n,2.2
s18_l_lraszn,2.56
s24_l_sbwi8a,2.72
s12_l_pgir6s,2.16
s15_p_lwbm4n,2.4
s31_p_bwab8p,2.4
s34_p_bgaj7a,2.6
s33_p_lgao1n,2.76
s39_p_lbbg4a,2.28
s48_l_lrbs5n,2.84
s11_l_sran1p,2.56
s53_p_lbbs2a,2.08
s18_l_bbwg6n,2.36
s53_p_lral9p,2.36
s26_l_swid3s,2.64
s21_l_lbwm7a,2.56
s44_p_lwbn8n,2.6
s36_p_lgan5n,2.4
s38_l_pwaz7a,2.4
s55_l_pwae2a,2.52
s47_l_pgar8s,2.04
s46_p_swwl2a,2.36
s21_l_swwe4n,2.56
s19_p_bwac4p,2.44
s26_p_lrim1a,2.32
s51_p_brbj4a,2.36
s3_l_bbbn6n,2.4
s7_p_lray6n,2.04
s24_p_prby1p,2.32
s6_p_lrbuza,2.64
s30_l_swwq7a,2.28
s19_l_pgif5a,2.96
s48_l_swwj2n,2.92
s23_l_bbwv3p,3.04
s26_l_sbbp9p,2.64
s49_l_pgae6s,2.72
s13_p_pbip1p,2.88
s44_p_pbak3p,2.72
s41_p_lbak3s,2.44
s34_p_prwk3p,2.36
s35_l_bgab5a,2.6
s19_l_sriv7n,2.64
s35_l_sgwf3s,2.72
s20_p_swwz5a,2.08
s54_l_brim2s,1.56
s39_l_lrwo3a,2.52
s47_p_lwaf6a,1.8
s32_l_bgbd1p,2.48
s28_l_gik8a_WRONG_#sil,0.4
s54_l_lgwi9p,1.84
s17_l_lrbn5s,3.32
s23_p_bbal9p,2.76
s45_l_bwia9n,2.56
s18_l_pwbd9s,2.36
s3_l_pgiy4a,2.32
s45_l_pwiz5a,2.8
s33_l_pbwd9a,2.2
s11_l_pgbm8n,2.56
s46_l_srbj6n,2.88
s40_l_lral4p,2.88
s25_p_lrif9p,2.52
s51_l_prar8n,2.68
s54_p_pgbe6n,1.8
s13_l_sriv8a,2.68
s54_p_pgbt1p,1.8
s30_p_sgwl6s,2.28
s6_l_sraxzs,2.6
s33_p_praz7p_WRONG_#pra(zee)7p,2.8
s17_l_pgilzn,3.64
s18_p_brbb5s,2.32
s36_l_brav3n,2.28
s25_p_pbar1s,2.36
s47_l_bwio7n,1.88
s15_l_pbay2a,2.84
s43_p_pwak8p,2.52
s31_l_swbp7s,2.84
s52_l_swaj6n,2.64
s42_l_lgwa4n,2.08
s17_l_pgwk2s,3.48
s15_l_lbir1p,2.72
s5_p_bbib5p,2.32
s35_l_swikzp,2.4
s13_l_bgip4p_WRONG_lbbr2n,2.72
s19_p_lbwb1p,2.8
